canonical_product_id,product_code,base_name,size_variant,category,subcategory,is_breakfast,is_drink,us_active
8b764edf11c8d07b,22205,chili cheese burrito,,member-exclusive,Member exclusive,0,0,1
895dd8604c8f8cf1,22130,decker taco,,member-exclusive,Member exclusive,0,0,1
ccd4f120a6471f17,22706,decker taco supreme,,member-exclusive,Member exclusive,0,0,1
d2fe7385656c7b73,22240,7 layer burrito,,member-exclusive,Member exclusive,0,0,1
ec22b927dbe1fce7,2065Main,strawberry vanilla cream soda freeze,,member-exclusive,Member exclusive,0,0,1
c172479e9c06aba7,23551,build your own luxe cravings,,best-sellers,Best sellers,0,0,1
d95deaea191d0d41,28183,nacho fries,,best-sellers,Best sellers,0,0,1
b2e40e63cc64ed0b,28095,nacho fries,,best-sellers,Best sellers,0,0,1
235d26d3405a473b,22110,soft taco,,best-sellers,Best sellers,0,0,1
c611b6551e17e7f6,22100,crunchy taco,,best-sellers,Best sellers,0,0,1
13d28848e281d917,22813,cheesy gordita crunch,,best-sellers,Best sellers,0,0,1
ac083a30eec7c29f,22850,chalupa supreme,,best-sellers,Best sellers,0,0,1
3bde3fa8aa956905,22283,cheesy bean and rice burrito,,best-sellers,Best sellers,0,0,1
05eb223cc7fc3dee,22321,chicken quesadilla,,best-sellers,Best sellers,0,0,1
ee371cad3de90fa9,22362,crunchwrap supreme,,best-sellers,Best sellers,0,0,1
56855ae500e12391,22167,beefy 5 layer burrito,,best-sellers,Best sellers,0,0,1
82b546c98af8862e,22502,nachos bellgrande,,best-sellers,Best sellers,0,0,1
bf1787b41e980748,22525,cinnamon twists,,best-sellers,Best sellers,0,0,1
344b47d17ba2a0a0,23472,cantina chicken burrito,,cantina-chicken-menu,Cantina chicken menu,0,0,1
30e232bc350c93d9,23470,cantina chicken soft taco,,cantina-chicken-menu,Cantina chicken menu,0,0,1
5da20dea752c97a7,23471,cantina chicken crispy taco,,cantina-chicken-menu,Cantina chicken menu,0,0,1
58443dab85318e00,23477,cantina chicken quesadilla,,cantina-chicken-menu,Cantina chicken menu,0,0,1
5be021966983fd53,23473,cantina chicken bowl,,cantina-chicken-menu,Cantina chicken menu,0,0,1
a535a11beee560df,23478,cantina chicken crispy taco meal,,cantina-chicken-menu,Cantina chicken menu,0,0,1
62dbe360a232dc21,23479,cantina chicken burrito meal,,cantina-chicken-menu,Cantina chicken menu,0,0,1
863d7c475e671a00,23480,cantina chicken quesadilla meal,,cantina-chicken-menu,Cantina chicken menu,0,0,1
a359a75e4ca554fe,23476,avocado verde salsa sauce packet,,cantina-chicken-menu,Cantina chicken menu,0,0,1
8b7fc7c4bcb68ed8,29071,flamin hot grilled cheese burrito,,new,New,0,0,1
d9f6b2327d8166f9,29088,frank s redhot diablo crispy chicken burrito,,new,New,0,0,1
333174cb078841f7,29016,avocado ranch crispy chicken burrito,,new,New,0,0,1
8b7b14032290cb47,29087,frank s redhot diablo crispy chicken soft taco,,new,New,0,0,1
b4695c37f7d4112b,29015,avocado ranch crispy chicken soft taco,,new,New,0,0,1
b6deb5016decf7e7,29089,frank s redhot diablo chicken nacho fries,,new,New,0,0,1
31698700c728d932,29072,discovery luxe,,new,New,0,0,1
9aa67802ea59a742,24966,crispy chicken strips 4pk,,new,New,0,0,1
7f7a81f10c3818b6,3717Main,strawberry passionfruit agua refresca,,new,New,0,0,1
7f71ed3fa79f653c,3719Main,mango peach agua refresca,,new,New,0,0,1
73f131802f007014,23218,meal for 2,,online-exclusives,Online exclusives,0,0,1
12e3b2bd8af2e451,23220,meal for 4,,online-exclusives,Online exclusives,0,0,1
0f36a38e536bb638,21210,drinks,,online-exclusives,Online exclusives,0,0,1
b54896048bc8f9fa,23378,steak grilled cheese burrito,,deals-and-combos,Combos,0,0,1
6b0f15399c3c2179,22604,mexican pizza,,deals-and-combos,Combos,0,0,1
e1308691788bde47,22607,chicken quesadilla,,deals-and-combos,Combos,0,0,1
585c7277417d584c,22605,nachos bellgrande,,deals-and-combos,Combos,0,0,1
22602af93f496c99,23760,2 chicken chalupas supreme,,deals-and-combos,Combos,0,0,1
c69cbea1c60a4fcc,22609,crunchwrap supreme,,deals-and-combos,Combos,0,0,1
4c7aa0206a0be2d0,22608,3 crunchy tacos,,deals-and-combos,Combos,0,0,1
5f7dd643b69a252f,22603,3 crunchy tacos supreme,,deals-and-combos,Combos,0,0,1
260d70fe06830f4e,22637,3 doritos locos tacos,,deals-and-combos,Combos,0,0,1
0611bd953eb052a8,22701,3 doritos locos tacos supreme,,deals-and-combos,Combos,0,0,1
511f60915a32b2a3,23765,3 soft tacos,,deals-and-combos,Combos,0,0,1
90413afc817fb147,23755,3 soft tacos supreme,,deals-and-combos,Combos,0,0,1
11604f53a547d525,22601,burrito supreme,,deals-and-combos,Combos,0,0,1
64e936bce2b70066,27272,classic luxe,,deals-and-combos,Combos,0,0,1
c3301752eca788fa,27276,supreme luxe,,deals-and-combos,Combos,0,0,1
452b804669c4a500,60528,taco burrito cravings,,party-packs,Groups,0,0,1
b8fb8af3cfefe5cf,22189,taco,,party-packs,Groups,0,0,1
0aeb483b1f8aced4,21200,supreme taco,,party-packs,Groups,0,0,1
56e4342e28afeb78,22187,soft taco,,party-packs,Groups,0,0,1
a481abf22207991d,21201,supreme soft taco,,party-packs,Groups,0,0,1
5e6f23861cea048c,26054,variety taco,,party-packs,Groups,0,0,1
4323ddb5400aade0,26055,supreme variety taco,,party-packs,Groups,0,0,1
3862150dc01ec4f6,24513,classic stacker,,specialties,Specialties,0,0,1
a5202744f72ca227,23499,3 cheese chicken flatbread melt,,specialties,Specialties,0,0,1
56afbfeb1668e154,22303,mexican pizza,,specialties,Specialties,0,0,1
64a87c9ab67d526c,23326,veggie mexican pizza,,specialties,Specialties,0,0,1
e5ef97ef94a5b2b4,26051,black bean crunchwrap supreme,,specialties,Specialties,0,0,1
ed3de8370c57a70f,22152,cheesy roll up,,specialties,Specialties,0,0,1
0c025ff16bc23758,26018,stacked taco,,tacos,Tacos,0,0,1
7a9284bf841054ee,22111,soft taco supreme,,tacos,Tacos,0,0,1
4eb1f6bbf1bf7bd4,22101,crunchy taco supreme,,tacos,Tacos,0,0,1
58edf5785351116f,22172,nacho cheese doritos locos tacos,,tacos,Tacos,0,0,1
58b13f19f6e3b0f4,22173,nacho cheese doritos locos tacos supreme,,tacos,Tacos,0,0,1
e1f6b45de2c230d2,23153,black bean chalupa supreme,,tacos,Tacos,0,0,1
49612efbc3e398c2,24067,doritos cheesy gordita crunch nacho cheese,,tacos,Tacos,0,0,1
5fa947f045747acb,23394,chicken enchilada burrito,,burritos,Burritos,0,0,1
36235ef5aa8b788c,23226,cheesy beef burrito,,burritos,Burritos,0,0,1
c9369165417cc783,22963,grilled cheese burrito,,burritos,Burritos,0,0,1
e48fd9639ae4eccf,23290,black bean grilled cheese burrito black beans,,burritos,Burritos,0,0,1
1fcbe49c34eb4c1e,22200,bean burrito,,burritos,Burritos,0,0,1
d73df6944e08ba84,22201,burrito supreme,,burritos,Burritos,0,0,1
3de0e4035d0611da,22322,steak quesadilla,,quesadillas,Quesadillas,0,0,1
da73de010a93e9d7,22320,cheese quesadilla,,quesadillas,Quesadillas,0,0,1
0c1d307b4f97b7ee,22159,loaded beef nachos,,nachos,Nachos,0,0,1
3b3d26c9390348ab,23318,chips and guacamole,,nachos,Nachos,0,0,1
9185b2b943b68f0a,22500,chips and nacho cheese sauce,,nachos,Nachos,0,0,1
96d5db5e50c3c85e,4605,frank s redhot diablo sauce,,sides-sweets,Sides & sweets,0,0,1
918429dde0a45013,4382,flamin hot rice,,sides-sweets,Sides & sweets,0,0,1
abea78f9518257d3,22394,black beans,,sides-sweets,Sides & sweets,0,0,1
78f6197f8e2398db,22393,black beans and rice,,sides-sweets,Sides & sweets,0,0,1
1497fb8525c4deb5,22510,pintos n cheese,,sides-sweets,Sides & sweets,0,0,1
422998498d86ae1b,30046,cinnabon delights 2,,sides-sweets,Sides & sweets,0,0,1
8bdeaaea2b562ef4,30045,cinnabon delights 12,,sides-sweets,Sides & sweets,0,0,1
458ae2f6e98f872e,22763,mild sauce packet,,sides-sweets,Sides & sweets,0,0,1
19d81fbfd541fce3,22760,hot sauce packet,,sides-sweets,Sides & sweets,0,0,1
41102063b2c53d05,22759,fire sauce packet,,sides-sweets,Sides & sweets,0,0,1
17dcc6cdd28b92e2,22765,diablo sauce packet,,sides-sweets,Sides & sweets,0,0,1
ebcbde505f0a6dfa,22741,jalape o peppers,,sides-sweets,Sides & sweets,0,0,1
eaddbc545b3386a6,22746,nacho cheese sauce,,sides-sweets,Sides & sweets,0,0,1
8cff340e34aab715,22754,reduced fat sour cream,,sides-sweets,Sides & sweets,0,0,1
3dac02bb6ef1b766,22731,creamy jalape o sauce,,sides-sweets,Sides & sweets,0,0,1
6c146c601eec97c8,22740,guacamole,,sides-sweets,Sides & sweets,0,0,1
c25318992d095e45,22732,chipotle sauce,,sides-sweets,Sides & sweets,0,0,1
efa76a34651768ac,22722,avocado ranch sauce,,sides-sweets,Sides & sweets,0,0,1
5296e29416fe793b,2521,spicy ranch,,sides-sweets,Sides & sweets,0,0,1
fdfa9434ddc507e6,22750,red sauce,,sides-sweets,Sides & sweets,0,0,1
eb731d59a46931a2,22749,mexican pizza sauce,,sides-sweets,Sides & sweets,0,0,1
f4679f06fe2fed82,1634Main,wild strawberry freeze,,drinks,Drinks,0,1,1
c37f6ee84a2fd563,1491Main,mtn dew baja blast freeze,,drinks,Drinks,0,1,1
5660125fb7dbf459,1002Main,pepsi,,drinks,Drinks,0,1,1
d576bd4d642473a3,1007Main,diet pepsi,,drinks,Drinks,0,1,1
d78839d9989bdd15,1107Main,pepsi zero sugar,,drinks,Drinks,0,1,1
1dbc7241e0ba9a55,1012Main,mtn dew,,drinks,Drinks,0,1,1
4a80af33ad557eb4,1027Main,mtn dew baja blast,,drinks,Drinks,0,1,1
cb2b30d8b3e8f6aa,1110Main,mtn dew baja blast zero sugar,,drinks,Drinks,0,1,1
942f3962adad149f,1022Main,diet dr pepper,,drinks,Drinks,0,1,1
09527abb0825102b,1062Main,mug root beer,,drinks,Drinks,0,1,1
8bb559d7ac971f84,1153Main,starry,,drinks,Drinks,0,1,1
fd03cf074a8d67fa,1099Main,g2 gatorade fruit punch,,drinks,Drinks,0,1,1
5efa02c7c1c61d04,3077Main,tropicana original lemonade,,drinks,Drinks,0,1,1
3970a657ff16a11e,1219Main,brisk mango fiesta,,drinks,Drinks,0,1,1
f9da84a18c53c64a,1077Main,lipton unsweetened iced tea,,drinks,Drinks,0,1,1
91799b88b123d834,29132,veggie bowl,,bowls,Bowls,0,0,1
473d926567870cba,22142,cool ranch doritos locos tacos,,member-exclusive,Member exclusive,0,0,1
2be8b93985556cca,22143,cool ranch doritos locos tacos supreme,,member-exclusive,Member exclusive,0,0,1
32e8c2cecbb43d07,22259,spicy potato soft taco,,best-sellers,Best sellers,0,0,1
a2cb87e31453e4ee,1504Main,vanilla cream soda freeze,,new,New,0,0,1
8f05ae3b5a23fbd6,1496Main,orange vanilla cream soda freeze,,new,New,0,0,1
45f35424d1fa3ea7,3782Main,mountain dew baja midnight,,new,New,0,0,1
c8bdcda2dcf5eb55,3718Main,dragonfruit strawberry agua refresca,,new,New,0,0,1
e3cc16fbd00c375a,3660Main,tropical punch rockstar energy refresca,,new,New,0,0,1
c5df89886832bf19,3669Main,pineapple lime rockstar energy refresca,,new,New,0,0,1
56547fd70f7b3142,23219,veggie meal for 2,,online-exclusives,Online exclusives,0,0,1
16cccc20ae6f956f,22530,cheesy fiesta potatoes,,cravings-value-menu,Cravings value menu,0,0,1
495f4d364594339e,1147Main,mtn dew zero,,drinks,Drinks,0,1,1
634b4d87fe6a28fa,1017Main,dr pepper,,drinks,Drinks,0,1,1
f6e16009814f8524,1202Main,lipton sweet tea,,drinks,Drinks,0,1,1
57747208213f266c,1966Main,aquafina bottled water,,drinks,Drinks,0,1,1
0087c47d4000c19d,26136,cantina chicken crispy taco meal,,deals-and-combos,Combos,0,0,1
944c2416942c6db2,26138,cantina chicken burrito meal,,deals-and-combos,Combos,0,0,1
a44c71a3f9801df2,26137,cantina chicken quesadilla meal,,deals-and-combos,Combos,0,0,1
4e0f114fa55b7ca0,26126,mexican pizza,,deals-and-combos,Combos,0,0,1
bc3241ee35862e36,26125,chicken quesadilla,,deals-and-combos,Combos,0,0,1
0b8d75036ae50a14,26124,2 chicken chalupas supreme,,deals-and-combos,Combos,0,0,1
1e741633219bc816,26127,crunchwrap supreme,,deals-and-combos,Combos,0,0,1
28c675d88658ea9d,26133,3 crunchy tacos,,deals-and-combos,Combos,0,0,1
0fe60ca5ce6d6ac6,26131,3 crunchy tacos supreme,,deals-and-combos,Combos,0,0,1
ff6a49bfc98aec1a,26139,3 doritos locos tacos,,deals-and-combos,Combos,0,0,1
7011b1879b2c2cfb,26140,3 doritos locos tacos supreme,,deals-and-combos,Combos,0,0,1
16e2d13717e163d5,26128,nachos bellgrande,,deals-and-combos,Combos,0,0,1
21978c02d21f121c,26134,3 doritos locos tacos,,deals-and-combos,Combos,0,0,1
cfd5f74c2ba60ebb,26130,3 doritos locos tacos supreme,,deals-and-combos,Combos,0,0,1
3af7e6709cf45d6e,30179,cheesy toasted breakfast burrito bacon,,breakfast,Breakfast,1,0,1
86d74f0d8528838a,30180,cheesy toasted breakfast burrito sausage,,breakfast,Breakfast,1,0,1
ba6cb634f7dfdd37,30181,cheesy toasted breakfast burrito potato,,breakfast,Breakfast,1,0,1
8f4bba304864656f,30187,toasted breakfast burrito steak,,breakfast,Breakfast,1,0,1
9223998aebf85cf8,30186,toasted breakfast burrito sausage,,breakfast,Breakfast,1,0,1
a7842808daf546d4,30185,toasted breakfast burrito bacon,,breakfast,Breakfast,1,0,1
644eae939e191f99,30190,toasted breakfast burrito,,breakfast,Breakfast,1,0,1
29e127932f182412,30152,breakfast quesadilla sausage,,breakfast,Breakfast,1,0,1
8b0f42523e579b70,30151,breakfast quesadilla bacon,,breakfast,Breakfast,1,0,1
4122871bcf7c2ee8,30153,breakfast quesadilla steak,,breakfast,Breakfast,1,0,1
07aaa88238e1ba56,32079,breakfast quesadilla,,breakfast,Breakfast,1,0,1
5d5e229a8f17a8ff,30093,breakfast california crunchwrap,,breakfast,Breakfast,1,0,1
1c65a5e8b929d0ec,30029,breakfast crunchwrap bacon,,breakfast,Breakfast,1,0,1
ef68d91758248b61,30028,breakfast crunchwrap sausage,,breakfast,Breakfast,1,0,1
a1eaeacc92d061b6,32031,breakfast crunchwrap,,breakfast,Breakfast,1,0,1
5cb728c8d64f3a26,30017,hash brown,,breakfast,Breakfast,1,0,1
e00726aed6c18455,1527Main,premium hot coffee,,breakfast,Breakfast,1,0,1
13bc5d5920253bd8,1280Main,hot cinnabon delights coffee,,breakfast,Breakfast,1,0,1
ccc62281c25ffe34,1534Main,regular iced coffee,,breakfast,Breakfast,1,0,1
e93aa9a108eb5058,1281Main,iced cinnabon delights coffee,,breakfast,Breakfast,1,0,1
6c4d7bf0ab9fa55a,2633,breakfast salsa,,breakfast,Breakfast,1,0,1
ec3e04ac3652ae12,1440Main,tropicana orange juice,,drinks,Drinks,0,1,1
df9059efc671f063,1665Main,dragonfruit freeze,,new,New,0,0,1
2543a4c59d32e455,1473Main,dragonfruit freeze no syrup,,new,New,0,0,1
7ac8637143c5b12c,22526,caramel apple empanada,,member-exclusive,Member exclusive,0,0,1
380011cb61c9d126,1072Main,cherry pepsi,,drinks,Drinks,0,1,1
7171d2246bf3b760,22738,green sauce,,sides-sweets,Sides & sweets,0,0,1
ac7323d0a3ec58bc,27033,cantina chicken cheesy street chalupas,,cantina-chicken-menu,Cantina chicken menu,0,0,1
55340b90cb85271e,27034,steak cheesy street chalupas,,new,New,0,0,1
8a4bbff674ac3583,23575,cheesy melt grilled steak burrito,,new,New,0,0,1
f12cf6c226f73fa0,23576,chipotle ranch grilled steak burrito,,new,New,0,0,1
95c122367dcaecc9,30217,dulce de leche cinnabon delights 2pk,,new,New,0,0,1
d66e53c134caf880,30218,dulce de leche cinnabon delights 12pk,,new,New,0,0,1
60ee012fc262477a,24588,discovery luxe,,new,New,0,0,1
bed34b3fc907f995,1507Main,mountain dew baja midnight freeze,,new,New,0,0,1
5e08cf0e31eb3229,29011,crispy chicken strips 2pk,,new,New,0,0,1
3b7b035b4d095085,27273,supreme luxe,,deals-and-combos,Combos,0,0,1
104fc0e814393209,29082,sweet chipotle bbq crispy chicken taco,,tacos,Tacos,0,0,1
d73638bedd0df265,29083,sweet chipotle bbq crispy chicken burrito,,burritos,Burritos,0,0,1
996a84891706d56f,5234,jalape o ranch sauce,,sides-sweets,Sides & sweets,0,0,1
218c41759480bd34,5240,onion and cilantro blend,,sides-sweets,Sides & sweets,0,0,1
e67624276ddc5ba4,8014,sweet chipotle bbq sauce,,sides-sweets,Sides & sweets,0,0,1
09e7215154fbb06e,1450Main,milk,,drinks,Drinks,0,1,1
c3c8c44ca7e05090,24585,cantina luxe,,new,New,0,0,1
a43a585ff2bb0c86,24546,nachos chicken,,nachos,Nachos,0,0,1
ae941d3db2bbc439,24547,nachos steak,,nachos,Nachos,0,0,1
7d14612b4e542c66,24566,nachos veggie,,nachos,Nachos,0,0,1
b24ab50b72b99702,32084,bell breakfast,,breakfast,Breakfast,1,0,1
c278dda114fc8470,30205,breakfast taco sausage,,breakfast,Breakfast,1,0,1
74cd51fa49764b0c,30206,breakfast taco bacon,,breakfast,Breakfast,1,0,1
76255e2098622502,30207,breakfast taco potato,,breakfast,Breakfast,1,0,1
ddca2ab174d227bb,30211,breakfast tacos,,breakfast,Breakfast,1,0,1
ce00e09e200b0c82,550520,taco lover s soft taco,,tacoloverspass,Taco lover's pass®,0,0,1
dc2d1bbb17b04067,550521,taco lover s soft taco supreme,,tacoloverspass,Taco lover's pass®,0,0,1
7c3d28b03bb4dcd6,550518,taco lover s crunchy taco,,tacoloverspass,Taco lover's pass®,0,0,1
2a794a3db50d2b5a,550519,taco lover s crunchy taco supreme,,tacoloverspass,Taco lover's pass®,0,0,1
b5a40a643c2400f7,550522,taco lover s nacho cheese doritos locos tacos,,tacoloverspass,Taco lover's pass®,0,0,1
b8f511594b250548,550523,taco lover s nacho cheese doritos locos tacos supreme,,tacoloverspass,Taco lover's pass®,0,0,1
39448093d4409f73,550524,taco lover s spicy potato soft taco,,tacoloverspass,Taco lover's pass®,0,0,1
caede514ed1657dd,30208,taco lover s breakfast taco sausage,,tacoloverspass,Taco lover's pass®,0,0,1
c95b403e8e445dcb,30209,taco lover s breakfast taco bacon,,tacoloverspass,Taco lover's pass®,0,0,1
072544d77496d5c4,30210,taco lover s breakfast taco potato,,tacoloverspass,Taco lover's pass®,0,0,1
3d683904066366d6,23484,steak and bacon grilled cheese burrito,,new,New,0,0,1
3ba1284f9031a1b7,23485,steak and bacon grilled cheese burrito,,new,New,0,0,1
a7130e294472845c,28203,vegan nacho fries,,new,New,0,0,1
17894a38c870e5ec,28202,vegan nacho fries,,new,New,0,0,1
2110e5cc6a68142f,28174,deluxe cravings,,new,New,0,0,1
23db53e393f56f7f,23486,build your own meal for 4,,new,New,0,0,1
3f191163f572f9fb,23465,strawberry twists,,new,New,0,0,1
ec235994a7bc6caf,3568Main,wild strawberry creme delight freeze,,new,New,0,0,1
c1202341befbe27b,23155,build your own cravings,,online-exclusives,Online exclusives,0,0,1
4f82896f7eb106c0,23265,classic,,deals-and-combos,Combos,0,0,1
7d430228f4e6bb6b,22346,rolled chicken tacos 2,,specialties,Specialties,0,0,1
1f15a1ba9f503005,22347,rolled chicken tacos 4,,specialties,Specialties,0,0,1
79d7a3c2e9710f38,28158,chicken chipotle melt,,specialties,Specialties,0,0,1
3cb2976fa69ca8ab,23370,steak grilled cheese burrito,,burritos,Burritos,0,0,1
8c52b7043cb870ef,23371,chicken grilled cheese burrito,,burritos,Burritos,0,0,1
59420980c0ba5e2a,23232,chipotle ranch grilled chicken burrito,,burritos,Burritos,0,0,1
2e70d38cf892a264,23273,beefy melt burrito,,burritos,Burritos,0,0,1
2d7746d9dcb576c3,23264,fiesta veggie burrito,,burritos,Burritos,0,0,1
051581ddbb6361a7,27233,chips and vegan nacho sauce,,nachos,Nachos,0,0,1
52101dd8a375f5f8,2898,vegan nacho sauce,,sides-sweets,Sides & sweets,0,0,1
f7ed055bde8e9ead,1663Main,blue raspberry freeze,,drinks,Drinks,0,1,1
953a60b60deeaad4,1145Main,dole lemonade strawberry squeeze,,drinks,Drinks,0,1,1
d01036f8c1b86f87,1141Main,brisk dragon paradise sparkling iced tea,,drinks,Drinks,0,1,1
fe4d9cc90e6118e4,22488,power menu bowl,,power-menu,Bowls,0,0,1
23ff97fefb2e10e7,22490,power menu bowl veggie,,power-menu,Bowls,0,0,1
e4681e00fd4fe26b,30219,toasted breakfast burrito,,breakfast,Breakfast,1,0,1
96eb77ff3d1c8722,30220,breakfast quesadilla,,breakfast,Breakfast,1,0,1
9a01dcfd2513dab5,30221,breakfast crunchwrap,,breakfast,Breakfast,1,0,1
0a3e4bc5d6745269,23622,build your own luxe cravings,,best-sellers,Best sellers,0,0,1
931c283e31bae4bd,24965,cantina chicken quesadilla,,cantina-chicken-menu,Cantina chicken menu,0,0,1
60807401f591053d,24962,cantina chicken crispy taco,,cantina-chicken-menu,Cantina chicken menu,0,0,1
61a00a1413c1d834,24961,cantina chicken quesadilla,,cantina-chicken-menu,Cantina chicken menu,0,0,1
03c8a890e3770d51,24957,crispy chicken avocado ranch,,deals-and-combos,Combos,0,0,1
d0fa9f8751a77ed0,24958,crispy chicken strips 4pk,,deals-and-combos,Combos,0,0,1
24e076fb4284f869,24955,chicken quesadilla,,deals-and-combos,Combos,0,0,1
4b0d97901a98e46a,24952,2 chicken chalupas supreme,,deals-and-combos,Combos,0,0,1
cdd2616029a0f250,24956,crunchwrap supreme,,deals-and-combos,Combos,0,0,1
8607c260d5c3fdd2,24953,3 crunchy tacos,,deals-and-combos,Combos,0,0,1
31e06594890d5f7f,24954,3 crunchy tacos supreme,,deals-and-combos,Combos,0,0,1
dabffbf1e14c594b,24959,3 doritos locos tacos,,deals-and-combos,Combos,0,0,1
ee8294c57e8f21f0,24960,3 doritos locos tacos supreme,,deals-and-combos,Combos,0,0,1
ed6aca6c7b47d0f5,29014,creamy chipotle crispy chicken taco,,tacos,Tacos,0,0,1
22025bf698f81e24,29084,creamy chipotle crispy chicken burrito,,burritos,Burritos,0,0,1
85a0ceefbfa983aa,4505,spicy ranchero sauce,,sides-sweets,Sides & sweets,0,0,1
d374e3344d81337b,24545,nachos seasoned beef,,nachos,Nachos,0,0,1
659d95173ac58031,3689Main,energy refresca berry burst,,new,New,0,0,1
b15ed9e3c6876c33,3690Main,energy refresca electric punch,,new,New,0,0,1
1df17ee372312795,29054,spicy ranchero crispy chicken taco,,tacos,Tacos,0,0,1
eab6fc6048465bea,29055,spicy ranchero crispy chicken burrito,,burritos,Burritos,0,0,1
8d4885e01c3b05c0,26154,cantina chicken crispy taco meal,,cantina-chicken-menu,Cantina chicken menu,0,0,1
4f2d45d2fa98f86c,26155,cantina chicken burrito meal,,cantina-chicken-menu,Cantina chicken menu,0,0,1
9356a8def29af602,26153,cantina chicken quesadilla meal,,cantina-chicken-menu,Cantina chicken menu,0,0,1
6eda189fd30e05fc,26150,mexican pizza,,deals-and-combos,Combos,0,0,1
8f27e34fccb8c1ee,26148,chicken quesadilla,,deals-and-combos,Combos,0,0,1
6204ea3701a1557f,26145,2 chicken chalupas supreme,,deals-and-combos,Combos,0,0,1
5851a4634246d41b,26149,crunchwrap supreme,,deals-and-combos,Combos,0,0,1
c5c77ee54ab04df1,26146,3 crunchy tacos,,deals-and-combos,Combos,0,0,1
3c337aa7df18c6b7,26147,3 crunchy tacos supreme,,deals-and-combos,Combos,0,0,1
555f9d34eaf8b412,26151,3 doritos locos tacos,,deals-and-combos,Combos,0,0,1
5c5b5e2da4bdec9c,26152,3 doritos locos tacos supreme,,deals-and-combos,Combos,0,0,1
e051efd122ba5683,3704Main,dirty mtn dew baja blast dream soda,,new,New,0,0,1
1c8a08892dc3186b,3670Main,strawberry lime refresca freeze,,new,New,0,0,1
edd004017b567226,5283Main,caramel apple empanada chiller,,new,New,0,0,1
390125ba49717851,3724Main,strawberry matcha chiller,,new,New,0,0,1
0fa7d3f0e045487b,3737Main,lemonade frost,,new,New,0,0,1
a85fbae2492d4bf6,3720Main,mexican chocolate churro chiller,,new,New,0,0,1
4b5a89ab53782b31,3722Main,wild strawberry churro chiller,,new,New,0,0,1
baf1fb37b019f056,3721Main,caramel dulce churro chiller,,new,New,0,0,1
0f9cd7d49335b318,3656Main,strawberry passionfruit limonada,,new,New,0,0,1
34cfef90f3d2c2ff,3657Main,mango peach limonada,,new,New,0,0,1
10f9208b064fd51a,3658Main,dragonfruit strawberry limonada,,new,New,0,0,1
e10915b6b87fd93a,3731Main,mexican mocha latte chiller,,new,New,0,0,1
51be9eefaf2ce5b0,3733Main,cinnabon caramel latte chiller,,new,New,0,0,1
ace577a2a7232340,3729Main,vanilla crema latte chiller,,new,New,0,0,1
54104e751a393777,3665Main,mexican mocha iced coffee,,new,New,0,0,1
1f525df66544edba,3664Main,cinnabon caramel iced coffee,,new,New,0,0,1
fe8ae9f737754760,3663Main,vanilla crema iced coffee,,new,New,0,0,1
7081d94106e256e9,3673Main,mexican mocha hot coffee,,new,New,0,0,1
002583e4d2a12387,3672Main,cinnabon caramel hot coffee,,new,New,0,0,1
3ff93c1b79825784,3666Main,vanilla crema hot coffee,,new,New,0,0,1
3cf689558002f3b7,3682Main,beekeeper coffee horchata,,new,New,0,0,1
6fffd49fb9aa44d9,3681Main,beekeeper coffee,,new,New,0,0,1
c505be4f7ea7282d,3679Main,celsius energy peach vibe,,new,New,0,0,1
b002be499b906a37,3680Main,gatorade cool blue,,new,New,0,0,1
89a49caa0074bd94,1438Main,gatorade lemon lime,,new,New,0,0,1
3d98e11e59a59b91,29090,frank s redhot diablo chicken nacho fries,,new,New,0,0,1
d9f3a5ea42a5b57d,76156,nacho fries,,specialties,Specialties,0,0,1
65b63b89d8c4de1f,76048,nacho fries,,specialties,Specialties,0,0,1
91f7774986309713,76155,seasoned fries,,sides-sweets,Sides & sweets,0,0,1
53b6158d5495ef13,3675Main,rockstar energy original can,,new,New,0,0,1
035b50299e3d8536,23786,buffs,,new,New,0,0,1
f981da74395e2a17,24587,discovery luxe,,new,New,0,0,1
49e1c805c48b4a23,23778,chips green chile queso,,new,New,0,0,1
6829ca0ee1f2c3fd,3058,mike s hot honey diablo dip sauce,,sides-sweets,Sides & sweets,0,0,1
5a88ad6fce16b0ae,3701,hidden valley fire ranch dip sauce,,sides-sweets,Sides & sweets,0,0,1
652d56931eba815f,3633,jalape o honey mustard dip sauce,,sides-sweets,Sides & sweets,0,0,1
68bb8c48def03280,91264,breakfast crunchwrap bacon,,breakfast,Breakfast,1,0,1
07c220325ebad69e,91263,breakfast crunchwrap sausage,,breakfast,Breakfast,1,0,1
13e230098af58a6f,91304,breakfast crunchwrap,,breakfast,Breakfast,1,0,1
be15d8872469475a,91268,cantina chicken burrito,,cantina-chicken-menu,Cantina chicken menu,0,0,1
f0876a996de16403,91266,cantina chicken soft taco,,cantina-chicken-menu,Cantina chicken menu,0,0,1
a6458c80190c980f,91267,cantina chicken crispy taco,,cantina-chicken-menu,Cantina chicken menu,0,0,1
95e7cb7a4fa3a4ba,91290,cantina chicken quesadilla,,cantina-chicken-menu,Cantina chicken menu,0,0,1
0d550bd0fd4a9d87,91270,cantina chicken bowl,,cantina-chicken-menu,Cantina chicken menu,0,0,1
f02e328c24e60125,91296,cantina chicken crispy taco,,cantina-chicken-menu,Cantina chicken menu,0,0,1
260918bceb290e82,91295,cantina chicken quesadilla,,cantina-chicken-menu,Cantina chicken menu,0,0,1
7ebbea64bea55ec9,91305,flamin hot grilled cheese burrito,,new,New,0,0,1
4420c3cdbcfba527,91287,avocado ranch crispy chicken burrito,,new,New,0,0,1
a67f9938f6539e0c,91286,avocado ranch crispy chicken taco,,new,New,0,0,1
8de20bb3d9122d26,91306,discovery luxe,,new,New,0,0,1
ab87e5113cb9cf17,91307,cantina luxe,,new,New,0,0,1
10c34efce4cf6a63,91301,crispy chicken strips 4pk,,new,New,0,0,1
5f6db7a43f7aa19e,91280,meal for 4,,online-exclusives,Online exclusives,0,0,1
650b02e07e2a2853,91281,veggie meal for 2,,online-exclusives,Online exclusives,0,0,1
fb8c17048441b5b2,91294,crispy chicken avocado ranch,,deals-and-combos,Combos,0,0,1
cc976c1af69d23f3,91302,crispy chicken strips 4pk,,deals-and-combos,Combos,0,0,1
7a716ea25335ebfb,91293,chicken quesadilla,,deals-and-combos,Combos,0,0,1
aca6c880e985abe0,91249,3 cheese chicken flatbread melt,,specialties,Specialties,0,0,1
9a12538ab7bd3e3f,91251,spicy potato soft taco,,tacos,Tacos,0,0,1
d855900f06d0a17a,91027,cheesy gordita crunch,,tacos,Tacos,0,0,1
5164b1d64fb61b74,91028,doritos cheesy gordita crunch nacho cheese,,tacos,Tacos,0,0,1
c8748992f40d1625,91245,grilled cheese burrito,,burritos,Burritos,0,0,1
f94a94884a539dbf,91248,black bean grilled cheese burrito black beans,,burritos,Burritos,0,0,1
7c109b4f2ec47df9,91250,cheesy bean and rice burrito,,burritos,Burritos,0,0,1
5d09d0887a04fddf,91169,chicken quesadilla,,quesadillas,Quesadillas,0,0,1
7ce2eeb5258363f0,91170,steak quesadilla,,quesadillas,Quesadillas,0,0,1
a4c80aed97dd379e,91161,cheese quesadilla,,quesadillas,Quesadillas,0,0,1
9e427ef3d5d0fd98,5527,creamy jalape o sauce,,sides-sweets,Sides & sweets,0,0,1
0141e6b941e16f22,5545,chipotle sauce,,sides-sweets,Sides & sweets,0,0,1
bcf1a81a2c8ff1e9,5539,avocado ranch sauce,,sides-sweets,Sides & sweets,0,0,1
33cccd507c67cdbd,5533,spicy ranch,,sides-sweets,Sides & sweets,0,0,1
ca9739abe704dbae,91243,veggie bowl,,bowls,Bowls,0,0,1
cd58c3f080af8488,29405,10 piece crispy chicken nuggets,,new,New,0,0,1
58cdc13de28f7487,29409,10 piece crispy chicken nuggets,,new,New,0,0,1
94f1e1f25b381c47,29404,5 piece crispy chicken nuggets,,new,New,0,0,1
e45ca214523f8b79,29408,5 piece crispy chicken nuggets,,new,New,0,0,1
404401971dfe8ede,24586,discovery luxe,,new,New,0,0,1
ff7c6263ed305303,2077Main,mtn dew baja blast dream freeze,,new,New,0,0,1
ad1b56c88f0f5b42,3639,bell sauce dip sauce,,sides-sweets,Sides & sweets,0,0,1
d0aea90c077e0bd9,5262,chile lime crema sauce,,sides-sweets,Sides & sweets,0,0,1
e8a27a7597725b2c,28207,bbq chicken topped fries,,specialties,Specialties,0,0,1
d7647d4af0d31b06,1129Main,coca cola,,drinks,Drinks,0,1,1
6d4fb35b2df97bf3,1132Main,diet coke,,drinks,Drinks,0,1,1
945d9d98e688db89,1135Main,sprite,,drinks,Drinks,0,1,1
311cbf621379f9f8,1126Main,barqs root beer,,drinks,Drinks,0,1,1
aa1a20e7500d6b1b,3713Main,fanta orange,,drinks,Drinks,0,1,1
6277b78c406de21c,3710Main,coca cola zero,,drinks,Drinks,0,1,1
eb62e238a46075b3,1138Main,minute maid lemonade,,drinks,Drinks,0,1,1
fd74ae6761d94b75,27236,nacho fries and nacho cheese sauce,,nacho-fries-pass,Nacho fries pass,0,0,1
4e2ec115ff38e950,27237,nacho fries and spicy ranch sauce,,nacho-fries-pass,Nacho fries pass,0,0,1
910eb4e068e2313d,27239,nacho fries and reduced fat sour cream,,nacho-fries-pass,Nacho fries pass,0,0,1
5f9bc6f22d50af75,27740,nacho fries and chipotle sauce,,nacho-fries-pass,Nacho fries pass,0,0,1
414c016fda134749,27241,nacho fries and avocado ranch sauce,,nacho-fries-pass,Nacho fries pass,0,0,1
29b65e46ede75c51,27242,nacho fries and creamy jalape o sauce,,nacho-fries-pass,Nacho fries pass,0,0,1
ee1cf8f68865930b,27040,cheesy street chalupas,,new,New,0,0,1
1bb267d6cee18d67,27037,cheesy street chalupas,,new,New,0,0,1
7c50fbb64278a644,23830,jalape o ranch nacho fries,,new,New,0,0,1
4ea0586b610e5979,23831,jalape o ranch nacho fries veggie,,new,New,0,0,1
39270986c643d445,23540,luxe cravings,,new,New,0,0,1
1dae08c473b276ce,3640Main,strawberry limonada freeze,,new,New,0,0,1
6dedefa722336773,3644Main,vanilla creme limonada freeze,,new,New,0,0,1
5f939042e1394c45,3652Main,limonada freeze,,new,New,0,0,1
c739fe7a587dc537,27240,veggie build your own cravings,,online-exclusives,Online exclusives,0,0,1
4c7a727072b90b80,29122,grilled cheese burrito deluxe cravings,,deals-and-combos,Combos,0,0,1
5cacee86ce3e61d5,23333,big cheez it crunchwrap supreme,,specialties,Specialties,0,0,1
cfdbbc7f34535fb5,23330,big cheez it tostada,,specialties,Specialties,0,0,1
1384a6467d08d1e3,5255,jalape o ranch sauce,,sides-sweets,Sides & sweets,0,0,1
ae8710c6f0eb684f,23331,big cheez it cracker,,sides-sweets,Sides & sweets,0,0,1
b016c76300f687f6,550561,delivery lover s pass,,passes,Passes,0,0,1
c26f251df69740b3,23547,tostada,,decades,Decades,0,0,1
eeac913775456f99,23548,green sauce burrito,,decades,Decades,0,0,1
a29c8f6eae1161b9,22310,meximelt,,decades,Decades,0,0,1
77ae83cb62802b37,22800,gordita supreme,,decades,Decades,0,0,1
397225acf5111a90,29417,5 piece crispy chicken nuggets,,new,New,0,0,1
c2ec85f5cc979d2e,29418,10 piece crispy chicken nuggets,,new,New,0,0,1
e7089bcdd9a5f810,29416,crispy chicken nuggets deluxe meal,,new,New,0,0,1
37ec7a541b97cc4e,23562,luxe cravings,,new,New,0,0,1
a4fd5148c215039a,23468,mtn dew baja blast gelato,,new,New,0,0,1
049c100f0154746e,1422Main,midnight cherry freeze,,new,New,0,0,1
25c3573bf3f8a758,23637,chicken queso burrito,,new,New,0,0,1
a8c9765f8dd3f437,23638,chips n queso,,new,New,0,0,1
5e8c42868688b58a,25500,chipotle ranch chicken stacker,,new,New,0,0,1
ba737df0090b6491,25501,beefy potato loaded griller,,new,New,0,0,1
ea09530b25b86b40,25504,salted caramel churros 3pk,,new,New,0,0,1
201577446a2a6bad,25509,chips and nacho supreme dip,,new,New,0,0,1
5c2db193791a763b,25502,taco salad,,new,New,0,0,1
5d91dce013124cb3,1266Main,iced tea special,,drinks,Drinks,0,1,1
57a9c79016368923,1263Main,sweet tea special,,drinks,Drinks,0,1,1
81b93d0f319dd8bd,23793,chipotle crispy chicken crunchwrap slider,,new,New,0,0,1
dbe2dcc9c2a86542,23794,sriracha chile crispy chicken crunchwrap slider,,new,New,0,0,1
72c1577260077223,23832,discovery luxe,,new,New,0,0,1
f4b87668e17b3e38,8086,sriracha chile sauce,,sides-sweets,Sides & sweets,0,0,1
a39c825f597ac16e,23799,steak gordita crunch sliders 2pk,,new,New,0,0,1
4d9d4f9158f702a5,23828,slow roasted chicken gordita crunch sliders 2pk,,new,New,0,0,1
81f2f5806e7b6bdf,29095,snacking trio,,new,New,0,0,1
5ab57c807c82a9eb,29093,discovery luxe,,new,New,0,0,1
608dacba7239fe40,23829,season beef gordita crunch sliders 2pk,,new,New,0,0,1
69a19f8a8dd0b40b,29094,discovery luxe,,new,New,0,0,1
ed9679d5c24acf15,29438,10 piece diablo crispy chicken nuggets,,new,New,0,0,1
36ebc90ae860be15,29437,5 piece diablo crispy chicken nuggets,,new,New,0,0,1
9a63b02e36464e12,29436,loaded taco topped fries,,new,New,0,0,1
79c9ccea2c632f1a,29441,discovery luxe,,new,New,0,0,1
1acad7326dd428af,23623,build your own luxe cravings,,best-sellers,Best sellers,0,0,1
8d0b13f4ab3e1253,29440,10 piece diablo crispy chicken nuggets,,new,New,0,0,1
f7727ae33d8420fb,29439,5 piece diablo crispy chicken nuggets,,new,New,0,0,1
aea141e06fdc5192,29442,diablo crispy chicken nuggets deluxe,,new,New,0,0,1
cdeb3f653136b71f,24606,discovery luxe,,decades,Decades,0,0,1
dec6b2dc3c44b94f,24068,doritos cheesy gordita crunch cool ranch,,new,New,0,0,1
0d35a7200ca6b4a1,24607,nachos slow roasted chicken,,new,New,0,0,1
979d9bdfc5624a2e,22728,chili,,sides-sweets,Sides & sweets,0,0,1
a664b2db779714ae,23589,cantina chicken bowl meal,,cantina-chicken-menu,Cantina chicken menu,0,0,1
d07760aaf88c6378,23769,2 chicken chalupas supreme,,deals-and-combos,Combos,0,0,1
4dc0c2be50bc8b2f,1188Main,bottled pepsi,,drinks,Drinks,0,1,1
825f16dfb3138139,1189Main,bottled diet pepsi,,drinks,Drinks,0,1,1
e7b60a681f39d8d5,1190Main,bottled mtn dew,,drinks,Drinks,0,1,1
61775743bc1c03c8,1187Main,bottled starry,,drinks,Drinks,0,1,1
a005a041d8befb76,23795,chipotle crispy chicken crunchwrap sliders,,new,New,0,0,1
655a9e2f05cc5a5c,23796,sriracha chile crispy chicken crunchwrap sliders,,new,New,0,0,1
5d2b4cf7552fdc57,23797,discovery luxe,,new,New,0,0,1
bd5d51690e186063,23649,cantina carne asada fajita grilled cheese burrito,,cantina-chicken-menu,Cantina chicken menu,0,0,1
3433e5c54172944a,23648,cantina chicken fajita grilled cheese burrito,,cantina-chicken-menu,Cantina chicken menu,0,0,1
690cdca3aa7568f3,23651,cantina carne asada fajita grilled soft taco,,cantina-chicken-menu,Cantina chicken menu,0,0,1
66fcd08763d27933,23650,cantina chicken fajita grilled soft taco,,cantina-chicken-menu,Cantina chicken menu,0,0,1
0927a6a2dc45edfc,23653,cantina carne asada fajita quesadilla,,cantina-chicken-menu,Cantina chicken menu,0,0,1
5d8017a0794c082d,23652,cantina chicken fajita quesadilla,,cantina-chicken-menu,Cantina chicken menu,0,0,1
01c8fb7c68cf4c5e,23655,cantina carne asada fajita bowl,,cantina-chicken-menu,Cantina chicken menu,0,0,1
c0b8688bd6c9e6f5,23654,cantina chicken fajita bowl,,cantina-chicken-menu,Cantina chicken menu,0,0,1
888239aea369f2be,29092,discovery luxe,,cantina-chicken-menu,Cantina chicken menu,0,0,1
d604d0d580a5697f,23629,cantina chicken fajita grilled cheese burrito,,cantina-chicken-menu,Cantina chicken menu,0,0,1
2faedaa6854fcfa2,23630,cantina carne asada fajita grilled cheese burrito,,cantina-chicken-menu,Cantina chicken menu,0,0,1
99082ab39cf51a7b,23631,cantina chicken fajita grilled soft taco,,cantina-chicken-menu,Cantina chicken menu,0,0,1
efb068a0381a4996,23632,cantina carne asada fajita grilled soft taco,,cantina-chicken-menu,Cantina chicken menu,0,0,1
916687c670fe85a5,23633,cantina chicken fajita quesadilla,,cantina-chicken-menu,Cantina chicken menu,0,0,1
3cf225e88ac0859c,23634,cantina carne asada fajita quesadilla,,cantina-chicken-menu,Cantina chicken menu,0,0,1
d76b08767319830c,23635,cantina chicken fajita bowl,,cantina-chicken-menu,Cantina chicken menu,0,0,1
8cd70b81e4acda29,23636,cantina carne asada fajita bowl,,cantina-chicken-menu,Cantina chicken menu,0,0,1
39cfefc6e9979cd5,29091,discovery luxe,,cantina-chicken-menu,Cantina chicken menu,0,0,1
3f992e2fc6ec36e2,23613,cantina chicken tostada,,cantina-chicken-menu,Cantina chicken menu,0,0,1
32862a6fa0db724a,23612,cantina chicken tostada,,cantina-chicken-menu,Cantina chicken menu,0,0,1
ac73bb7b66dbe118,26156,cantina chicken quesadilla,,cantina-chicken-menu,Cantina chicken menu,0,0,1
ba64a15d5d0f8d27,26159,cantina chicken crispy taco,,cantina-chicken-menu,Cantina chicken menu,0,0,1
5052d8cb4167db9d,26160,cantina chicken burrito,,cantina-chicken-menu,Cantina chicken menu,0,0,1
170e79ece1a10c2e,26158,cantina chicken quesadilla,,cantina-chicken-menu,Cantina chicken menu,0,0,1
e17af3b36796d397,5293,avocado verde sauce,,sides-sweets,Sides & sweets,0,0,1
31d2a8ba5b8541de,3676Main,yachak yerba mate energy passion fruit,,new,New,0,0,1
da9aada3440dffd0,3677Main,yachak yerba mate energy ultimate mint,,new,New,0,0,1
