canonical_product_id,product_code,item_id,category,name_nutrition,category_nutrition,match_confidence,match_method
8b764edf11c8d07b,22205,167116,member-exclusive,Chili Cheese Burrito (regional),Burritos,0.85,rule
ec22b927dbe1fce7,2065Main,854344,member-exclusive,Strawberry Vanilla Cream Soda Freeze&trade; (16 oz),Test Items,0.725,rule_lo
235d26d3405a473b,22110,166835,best-sellers,Soft Taco,Tacos,1.1,rule
c611b6551e17e7f6,22100,166772,best-sellers,Crunchy Taco,Tacos,1.1,rule
13d28848e281d917,22813,354902,best-sellers,Cheesy Gordita Crunch,Tacos,1.1,rule
ac083a30eec7c29f,22850,354903,best-sellers,Chalupa Supreme&reg;,Tacos,0.767,rule_lo
3bde3fa8aa956905,22283,166744,best-sellers,Cheesy Bean & Rice Burrito,Veggie Cravings,1.0,rule
05eb223cc7fc3dee,22321,166758,best-sellers,Quesadilla - Chicken,INM Quesadillas,1.0,rule
ee371cad3de90fa9,22362,166771,best-sellers,Crunchwrap Supreme&reg;,Specialties,0.767,rule_lo
56855ae500e12391,22167,166718,best-sellers,Beefy 5-Layer Burrito,Burritos,1.1,rule
82b546c98af8862e,22502,166812,best-sellers,Nachos BellGrande&reg;,Nachos,0.767,rule_lo
bf1787b41e980748,22525,354895,best-sellers,Cinnamon Twists,Veggie Cravings,1.1,rule
344b47d17ba2a0a0,23472,423325,cantina-chicken-menu,Cantina Chicken Burrito,Cantina Chicken Menu,1.1,rule
30e232bc350c93d9,23470,423323,cantina-chicken-menu,Cantina Chicken Soft Taco,Cantina Chicken Menu,1.1,rule
5da20dea752c97a7,23471,423320,cantina-chicken-menu,Cantina Chicken Crispy Taco,Cantina Chicken Menu,1.1,rule
58443dab85318e00,23477,423321,cantina-chicken-menu,Cantina Chicken Quesadilla,Cantina Chicken Menu,1.1,rule
5be021966983fd53,23473,423324,cantina-chicken-menu,Cantina Chicken Bowl,Cantina Chicken Menu,1.1,rule
a535a11beee560df,23478,423320,cantina-chicken-menu,Cantina Chicken Crispy Taco,Cantina Chicken Menu,0.8,rule
62dbe360a232dc21,23479,423325,cantina-chicken-menu,Cantina Chicken Burrito,Cantina Chicken Menu,0.75,rule_lo
863d7c475e671a00,23480,423321,cantina-chicken-menu,Cantina Chicken Quesadilla,Cantina Chicken Menu,0.75,rule_lo
a359a75e4ca554fe,23476,441114,cantina-chicken-menu,Avocado Salsa Verde Packet,Side Portions - Hidden,0.8,rule
8b7fc7c4bcb68ed8,29071,719813,new,Flamin' Hot Grilled Cheese Burrito,New,1.1,rule
333174cb078841f7,29016,646120,new,Crispy Chicken Burrito - Avocado Ranch,Test Items,1.0,rule
b4695c37f7d4112b,29015,646124,new,Crispy Chicken Soft Taco - Avocado Ranch,Test Items,1.0,rule
b54896048bc8f9fa,23378,420881,deals-and-combos,Grilled Cheese Burrito - Steak,INM Burritos,1.0,rule
6b0f15399c3c2179,22604,166804,deals-and-combos,Mexican Pizza,Specialties,1.1,rule
e1308691788bde47,22607,166758,deals-and-combos,Quesadilla - Chicken,INM Quesadillas,1.0,rule
585c7277417d584c,22605,166812,deals-and-combos,Nachos BellGrande&reg;,Nachos,0.767,rule_lo
c69cbea1c60a4fcc,22609,166771,deals-and-combos,Crunchwrap Supreme&reg;,Specialties,0.767,rule_lo
11604f53a547d525,22601,166963,deals-and-combos,Burrito Supreme&reg;,Burritos,0.767,rule_lo
56e4342e28afeb78,22187,166835,party-packs,Soft Taco,Tacos,1.1,rule
a481abf22207991d,21201,166837,party-packs,Soft Taco Supreme&reg;,Tacos,0.75,rule_lo
3862150dc01ec4f6,24513,242452,specialties,Stacker,Specialties,1.0,override
a5202744f72ca227,23499,441180,specialties,3-Cheese Chicken Flatbread Melt,Specialties,1.1,rule
56afbfeb1668e154,22303,166804,specialties,Mexican Pizza,Specialties,1.1,rule
64a87c9ab67d526c,23326,467404,specialties,Veggie Mexican Pizza,Veggie Cravings,1.1,rule
e5ef97ef94a5b2b4,26051,275133,specialties,Black Bean Crunchwrap Supreme&reg;,Veggie Cravings,0.9,rule
ed3de8370c57a70f,22152,166743,specialties,Cheesy Roll Up,Veggie Cravings,1.1,rule
0c025ff16bc23758,26018,439526,tacos,Double Stacked Taco,Tacos,1.1,rule
7a9284bf841054ee,22111,166837,tacos,Soft Taco Supreme&reg;,Tacos,0.85,rule
4eb1f6bbf1bf7bd4,22101,166774,tacos,Crunchy Taco Supreme&reg;,Tacos,0.85,rule
e1f6b45de2c230d2,23153,313269,tacos,Black Bean Chalupa Supreme&reg;,Veggie Cravings,0.9,rule
49612efbc3e398c2,24067,166811,tacos,Doritos&reg; Cheesy Gordita Crunch - Nacho Cheese,Tacos,0.857,rule
5fa947f045747acb,23394,436225,burritos,Chicken Enchilada Burrito,Burritos,1.1,rule
36235ef5aa8b788c,23226,198433,burritos,Cheesy Double Beef Burrito,Burritos,1.0,rule
c9369165417cc783,22963,277318,burritos,Grilled Cheese Burrito,Burritos,1.1,rule
e48fd9639ae4eccf,23290,384502,burritos,Black Bean Grilled Cheese Burrito,Burritos,0.833,rule
1fcbe49c34eb4c1e,22200,166716,burritos,Bean Burrito,Veggie Cravings,1.1,rule
d73df6944e08ba84,22201,166963,burritos,Burrito Supreme&reg;,Burritos,0.767,rule_lo
3de0e4035d0611da,22322,166846,quesadillas,Quesadilla - Steak,INM Quesadillas,1.0,rule
da73de010a93e9d7,22320,166742,quesadillas,Cheese Quesadilla,Veggie Cravings,1.1,rule
0c1d307b4f97b7ee,22159,439525,nachos,Loaded Beef Nachos,Nachos,1.1,rule
3b3d26c9390348ab,23318,166761,nachos,Chips and Guacamole,Side Portions - Hidden,1.1,rule
9185b2b943b68f0a,22500,354896,nachos,Chips and Nacho Cheese Sauce,Veggie Cravings,1.1,rule
918429dde0a45013,4382,926745,sides-sweets,Flamin' Hot Rice (3 oz),Side Portions - Hidden,0.7,rule_lo
abea78f9518257d3,22394,166945,sides-sweets,Black Beans,Veggie Cravings,1.1,rule
78f6197f8e2398db,22393,166722,sides-sweets,Black Beans & Rice,Veggie Cravings,1.0,rule
1497fb8525c4deb5,22510,166816,sides-sweets,Pintos N Cheese,Veggie Cravings,1.1,rule
422998498d86ae1b,30046,658306,sides-sweets,Cinnabon Delights (2 oz),Side Portions - Hidden,0.85,rule
458ae2f6e98f872e,22763,314994,sides-sweets,Mild Sauce Packet (V),Sides & Sweets,0.85,rule
19d81fbfd541fce3,22760,314995,sides-sweets,Hot Sauce Packet (V),Sides & Sweets,0.85,rule
41102063b2c53d05,22759,314996,sides-sweets,Fire Sauce Packet (V),Sides & Sweets,0.85,rule
17dcc6cdd28b92e2,22765,314997,sides-sweets,Diablo Sauce Packet (V),Sides & Sweets,0.85,rule
eaddbc545b3386a6,22746,354896,sides-sweets,Chips and Nacho Cheese Sauce,Veggie Cravings,0.85,rule
efa76a34651768ac,22722,417120,sides-sweets,Avocado Ranch Sauce (6 oz),Side Portions - Hidden,0.7,rule_lo
eb731d59a46931a2,22749,627382,sides-sweets,Mexican Pizza Sauce (2 oz),Side Portions - Hidden,0.7,rule_lo
91799b88b123d834,29132,166734,bowls,Veggie Bowl,Veggie Cravings,1.1,rule
32e8c2cecbb43d07,22259,166840,best-sellers,Spicy Potato Soft Taco,Veggie Cravings,1.1,rule
a2cb87e31453e4ee,1504Main,854340,new,Vanilla Cream Soda Freeze&trade; (20 oz),New,0.671,rule_lo
8f05ae3b5a23fbd6,1496Main,854337,new,Orange Vanilla Cream Soda Freeze&trade; (20 oz),New,0.725,rule_lo
16cccc20ae6f956f,22530,360540,cravings-value-menu,Cheesy Fiesta Potatoes,Veggie Cravings,1.1,rule
0087c47d4000c19d,26136,423320,deals-and-combos,Cantina Chicken Crispy Taco,Cantina Chicken Menu,0.8,rule
944c2416942c6db2,26138,423325,deals-and-combos,Cantina Chicken Burrito,Cantina Chicken Menu,0.75,rule_lo
a44c71a3f9801df2,26137,423321,deals-and-combos,Cantina Chicken Quesadilla,Cantina Chicken Menu,0.75,rule_lo
4e0f114fa55b7ca0,26126,166804,deals-and-combos,Mexican Pizza,Specialties,1.1,rule
bc3241ee35862e36,26125,166758,deals-and-combos,Quesadilla - Chicken,INM Quesadillas,1.0,rule
1e741633219bc816,26127,166771,deals-and-combos,Crunchwrap Supreme&reg;,Specialties,0.767,rule_lo
16e2d13717e163d5,26128,166812,deals-and-combos,Nachos BellGrande&reg;,Nachos,0.767,rule_lo
3af7e6709cf45d6e,30179,282320,breakfast,Cheesy Toasted Breakfast Burrito - Bacon,INM Breakfast,1.1,rule
86d74f0d8528838a,30180,282319,breakfast,Cheesy Toasted Breakfast Burrito - Sausage,INM Breakfast,1.1,rule
ba6cb634f7dfdd37,30181,315242,breakfast,Cheesy Toasted Breakfast Burrito,Breakfast (Regional),0.8,rule
8f4bba304864656f,30187,282325,breakfast,Grande Toasted Breakfast Burrito - Steak,INM Breakfast,1.1,rule
9223998aebf85cf8,30186,282327,breakfast,Grande Toasted Breakfast Burrito - Sausage,INM Breakfast,1.1,rule
a7842808daf546d4,30185,282326,breakfast,Grande Toasted Breakfast Burrito - Bacon,INM Breakfast,1.1,rule
644eae939e191f99,30190,315243,breakfast,Grande Toasted Breakfast Burrito,Breakfast (Regional),1.1,rule
29e127932f182412,30152,208070,breakfast,Breakfast Quesadilla - Sausage,Breakfast (Regional),1.1,rule
8b0f42523e579b70,30151,208069,breakfast,Breakfast Quesadilla - Bacon,Breakfast (Regional),1.1,rule
4122871bcf7c2ee8,30153,208071,breakfast,Breakfast Quesadilla - Steak,Breakfast (Regional),1.1,rule
07aaa88238e1ba56,32079,208071,breakfast,Breakfast Quesadilla - Steak,Breakfast (Regional),0.767,rule_lo
5d5e229a8f17a8ff,30093,429063,breakfast,Breakfast California Crunchwrap,Breakfast (Regional),1.1,rule
1c65a5e8b929d0ec,30029,166711,breakfast,Breakfast Crunchwrap - Bacon,INM Breakfast,1.1,rule
ef68d91758248b61,30028,420115,breakfast,Breakfast Crunchwrap - Sausage Patty,INM Breakfast,0.85,rule
a1eaeacc92d061b6,32031,166958,breakfast,Breakfast Crunchwrap,Breakfast (Regional),1.1,rule
5cb728c8d64f3a26,30017,354897,breakfast,Hash Brown (V),Breakfast (Regional),0.767,rule_lo
ec3e04ac3652ae12,1440Main,169302,drinks,Orange Juice,Drinks,0.667,rule_lo
ac7323d0a3ec58bc,27033,851889,cantina-chicken-menu,Fajita Cheesy Street Chalupas - Cantina Chicken,Test Items,0.833,rule
55340b90cb85271e,27034,851888,new,Fajita Cheesy Street Chalupas - Steak,Test Items,0.8,rule
e67624276ddc5ba4,8014,811232,sides-sweets,Sweet Chipotle BBQ Sauce 1.5 oz,Side Portions - Hidden,0.671,rule_lo
a43a585ff2bb0c86,24546,312099,nachos,Grande Nachos - Grilled Chicken,Test Items,0.667,rule_lo
ae941d3db2bbc439,24547,312101,nachos,Grande Nachos - Steak,Test Items,1.1,rule
7d14612b4e542c66,24566,347187,nachos,Grande Nachos - Veggie,Test Items,1.1,rule
ce00e09e200b0c82,550520,442473,tacoloverspass,Taco Lover's Soft Taco,JSON only,1.1,rule
dc2d1bbb17b04067,550521,442471,tacoloverspass,Taco Lover's Soft Taco Supreme,JSON only,1.1,rule
7c3d28b03bb4dcd6,550518,442467,tacoloverspass,Taco Lover's Crunchy Taco,JSON only,1.1,rule
2a794a3db50d2b5a,550519,442468,tacoloverspass,Taco Lover's Crunchy Taco Supreme&reg;,JSON only,0.933,rule
b5a40a643c2400f7,550522,442470,tacoloverspass,Taco Lover's Nacho Cheese Doritos&reg; Locos Tacos,JSON only,0.889,rule
b8f511594b250548,550523,442469,tacoloverspass,Taco Lover's Nacho Cheese Doritos&reg; Locos Tacos Supreme&reg;,JSON only,0.9,rule
39448093d4409f73,550524,442472,tacoloverspass,Taco Lover's Spicy Potato Soft Taco,JSON only,1.1,rule
caede514ed1657dd,30208,442474,tacoloverspass,Taco Lover's Breakfast Taco - Sausage,JSON only,1.1,rule
c95b403e8e445dcb,30209,442475,tacoloverspass,Taco Lover's Breakfast Taco - Bacon,JSON only,1.1,rule
072544d77496d5c4,30210,442476,tacoloverspass,Taco Lover's Breakfast Taco - Potato,JSON only,1.1,rule
3d683904066366d6,23484,420881,new,Grilled Cheese Burrito - Steak,INM Burritos,0.8,rule
3ba1284f9031a1b7,23485,420881,new,Grilled Cheese Burrito - Steak,INM Burritos,0.8,rule
3cb2976fa69ca8ab,23370,420881,burritos,Grilled Cheese Burrito - Steak,INM Burritos,1.0,rule
8c52b7043cb870ef,23371,830306,burritos,Chicken Grilled Cheese Burrito,Test Items,1.1,rule
e4681e00fd4fe26b,30219,315243,breakfast,Grande Toasted Breakfast Burrito,Breakfast (Regional),1.1,rule
96eb77ff3d1c8722,30220,208071,breakfast,Breakfast Quesadilla - Steak,Breakfast (Regional),0.767,rule_lo
9a01dcfd2513dab5,30221,166958,breakfast,Breakfast Crunchwrap,Breakfast (Regional),1.1,rule
931c283e31bae4bd,24965,423321,cantina-chicken-menu,Cantina Chicken Quesadilla,Cantina Chicken Menu,1.1,rule
60807401f591053d,24962,423320,cantina-chicken-menu,Cantina Chicken Crispy Taco,Cantina Chicken Menu,1.1,rule
61a00a1413c1d834,24961,423321,cantina-chicken-menu,Cantina Chicken Quesadilla,Cantina Chicken Menu,1.1,rule
03c8a890e3770d51,24957,646120,deals-and-combos,Crispy Chicken Burrito - Avocado Ranch,Test Items,0.8,rule
24e076fb4284f869,24955,166758,deals-and-combos,Quesadilla - Chicken,INM Quesadillas,1.0,rule
cdd2616029a0f250,24956,166771,deals-and-combos,Crunchwrap Supreme&reg;,Specialties,0.767,rule_lo
d374e3344d81337b,24545,439525,nachos,Loaded Beef Nachos,Nachos,1.0,override
659d95173ac58031,3689Main,906627,new,Berry Burst Energy Refresca,Test Items,1.0,rule
b15ed9e3c6876c33,3690Main,906628,new,Electric Punch Energy Refresca,Test Items,1.0,rule
8d4885e01c3b05c0,26154,423320,cantina-chicken-menu,Cantina Chicken Crispy Taco,Cantina Chicken Menu,0.8,rule
4f2d45d2fa98f86c,26155,423325,cantina-chicken-menu,Cantina Chicken Burrito,Cantina Chicken Menu,0.75,rule_lo
9356a8def29af602,26153,423321,cantina-chicken-menu,Cantina Chicken Quesadilla,Cantina Chicken Menu,0.75,rule_lo
6eda189fd30e05fc,26150,166804,deals-and-combos,Mexican Pizza,Specialties,1.1,rule
8f27e34fccb8c1ee,26148,166758,deals-and-combos,Quesadilla - Chicken,INM Quesadillas,1.0,rule
5851a4634246d41b,26149,166771,deals-and-combos,Crunchwrap Supreme&reg;,Specialties,0.767,rule_lo
1c8a08892dc3186b,3670Main,646138,new,Strawberry Lime Refresca Freeze (16 oz),Test Items,0.767,rule_lo
edd004017b567226,5283Main,906579,new,Caramel Apple Empanada Chiller (16 oz),Test Items,0.767,rule_lo
0f9cd7d49335b318,3656Main,829822,new,Strawberry Passionfruit Limonada,New,1.1,rule
34cfef90f3d2c2ff,3657Main,829826,new,Mango Peach Limonada,New,1.1,rule
10f9208b064fd51a,3658Main,889511,new,Dragonfruit Strawberry Limonada,New,1.1,rule
3cf689558002f3b7,3682Main,651911,new,Beekeeper Coffee Horchata,Test Items,1.1,rule
6fffd49fb9aa44d9,3681Main,651911,new,Beekeeper Coffee Horchata,Test Items,0.767,rule_lo
53b6158d5495ef13,3675Main,652316,new,Rockstar Original Can,Test Items,0.75,rule_lo
49e1c805c48b4a23,23778,208068,new,Chips and Green Chile Queso,Test Items,1.0,rule
68bb8c48def03280,91264,166711,breakfast,Breakfast Crunchwrap - Bacon,INM Breakfast,1.1,rule
07c220325ebad69e,91263,420115,breakfast,Breakfast Crunchwrap - Sausage Patty,INM Breakfast,0.85,rule
13e230098af58a6f,91304,166958,breakfast,Breakfast Crunchwrap,Breakfast (Regional),1.1,rule
be15d8872469475a,91268,423325,cantina-chicken-menu,Cantina Chicken Burrito,Cantina Chicken Menu,1.1,rule
f0876a996de16403,91266,423323,cantina-chicken-menu,Cantina Chicken Soft Taco,Cantina Chicken Menu,1.1,rule
a6458c80190c980f,91267,423320,cantina-chicken-menu,Cantina Chicken Crispy Taco,Cantina Chicken Menu,1.1,rule
95e7cb7a4fa3a4ba,91290,423321,cantina-chicken-menu,Cantina Chicken Quesadilla,Cantina Chicken Menu,1.1,rule
0d550bd0fd4a9d87,91270,423324,cantina-chicken-menu,Cantina Chicken Bowl,Cantina Chicken Menu,1.1,rule
f02e328c24e60125,91296,423320,cantina-chicken-menu,Cantina Chicken Crispy Taco,Cantina Chicken Menu,1.1,rule
260918bceb290e82,91295,423321,cantina-chicken-menu,Cantina Chicken Quesadilla,Cantina Chicken Menu,1.1,rule
7ebbea64bea55ec9,91305,719813,new,Flamin' Hot Grilled Cheese Burrito,New,1.1,rule
4420c3cdbcfba527,91287,646120,new,Crispy Chicken Burrito - Avocado Ranch,Test Items,1.0,rule
a67f9938f6539e0c,91286,646124,new,Crispy Chicken Soft Taco - Avocado Ranch,Test Items,0.833,rule
fb8c17048441b5b2,91294,646120,deals-and-combos,Crispy Chicken Burrito - Avocado Ranch,Test Items,0.8,rule
7a716ea25335ebfb,91293,166758,deals-and-combos,Quesadilla - Chicken,INM Quesadillas,1.0,rule
aca6c880e985abe0,91249,441180,specialties,3-Cheese Chicken Flatbread Melt,Specialties,1.1,rule
9a12538ab7bd3e3f,91251,166840,tacos,Spicy Potato Soft Taco,Veggie Cravings,1.1,rule
d855900f06d0a17a,91027,354902,tacos,Cheesy Gordita Crunch,Tacos,1.1,rule
5164b1d64fb61b74,91028,166811,tacos,Doritos&reg; Cheesy Gordita Crunch - Nacho Cheese,Tacos,0.857,rule
c8748992f40d1625,91245,277318,burritos,Grilled Cheese Burrito,Burritos,1.1,rule
f94a94884a539dbf,91248,384502,burritos,Black Bean Grilled Cheese Burrito,Burritos,0.833,rule
7c109b4f2ec47df9,91250,166744,burritos,Cheesy Bean & Rice Burrito,Veggie Cravings,1.0,rule
5d09d0887a04fddf,91169,166758,quesadillas,Quesadilla - Chicken,INM Quesadillas,1.0,rule
7ce2eeb5258363f0,91170,166846,quesadillas,Quesadilla - Steak,INM Quesadillas,1.0,rule
a4c80aed97dd379e,91161,166742,quesadillas,Cheese Quesadilla,Veggie Cravings,1.1,rule
bcf1a81a2c8ff1e9,5539,417120,sides-sweets,Avocado Ranch Sauce (6 oz),Side Portions - Hidden,0.7,rule_lo
ca9739abe704dbae,91243,166734,bowls,Veggie Bowl,Veggie Cravings,1.1,rule
ee1cf8f68865930b,27040,851888,new,Fajita Cheesy Street Chalupas - Steak,Test Items,0.7,rule_lo
1bb267d6cee18d67,27037,851888,new,Fajita Cheesy Street Chalupas - Steak,Test Items,0.7,rule_lo
25c3573bf3f8a758,23637,943688,new,Chicken Queso Burrito,Test Items,1.1,rule
5e8c42868688b58a,25500,658302,new,Chipotle Ranch Chicken Stacker,Test Items,1.1,rule
ba737df0090b6491,25501,829438,new,Beefy Potato Loaded Griller,Test Items,1.1,rule
201577446a2a6bad,25509,829440,new,Chips and Nacho Supreme Dip,Test Items,1.1,rule
5c2db193791a763b,25502,829439,new,Mini Taco Salad,Test Items,1.1,rule
81b93d0f319dd8bd,23793,927002,new,Crispy Chicken Crunchwrap Slider - Creamy Chipotle Sauce,Test Items,0.714,rule_lo
dbe2dcc9c2a86542,23794,853313,new,Crispy Chicken Crunchwrap Slider - Sriracha Chile Crisp,Test Items,0.857,rule
a39c825f597ac16e,23799,872852,new,Cheesy Gordita Crunch Sliders - Steak,Test Items,0.667,rule_lo
ed9679d5c24acf15,29438,943689,new,Diablo Dusted Chicken Nuggets - 10 Piece,Test Items,0.714,rule_lo
36ebc90ae860be15,29437,943690,new,Diablo Dusted Chicken Nuggets - 5 Piece,Test Items,0.714,rule_lo
9a63b02e36464e12,29436,277742,new,Loaded Taco Fries,Test Items,0.75,rule_lo
8d0b13f4ab3e1253,29440,943689,new,Diablo Dusted Chicken Nuggets - 10 Piece,Test Items,0.714,rule_lo
f7727ae33d8420fb,29439,943690,new,Diablo Dusted Chicken Nuggets - 5 Piece,Test Items,0.714,rule_lo
dec6b2dc3c44b94f,24068,166754,new,Cool Ranch&reg; Doritos&reg; Cheesy Gordita Crunch,Test Items,0.857,rule
a664b2db779714ae,23589,423324,cantina-chicken-menu,Cantina Chicken Bowl,Cantina Chicken Menu,0.75,rule_lo
bd5d51690e186063,23649,943863,cantina-chicken-menu,Cantina Carne Asada Fajita Grilled Cheese Burrito,Test Items,1.1,rule
3433e5c54172944a,23648,943862,cantina-chicken-menu,Cantina Chicken Fajita Grilled Cheese Burrito,Test Items,1.1,rule
690cdca3aa7568f3,23651,943865,cantina-chicken-menu,Cantina Carne Asada Fajita Grilled Soft Taco,Test Items,1.1,rule
66fcd08763d27933,23650,943864,cantina-chicken-menu,Cantina Chicken Fajita Grilled Soft Taco,Test Items,1.1,rule
0927a6a2dc45edfc,23653,943873,cantina-chicken-menu,Cantina Carne Asada Fajita Quesadilla,Test Items,1.1,rule
5d8017a0794c082d,23652,943866,cantina-chicken-menu,Cantina Chicken Fajita Quesadilla,Test Items,1.1,rule
01c8fb7c68cf4c5e,23655,943869,cantina-chicken-menu,Cantina Carne Asada Fajita Bowl,Test Items,1.1,rule
c0b8688bd6c9e6f5,23654,943868,cantina-chicken-menu,Cantina Chicken Fajita Bowl,Test Items,1.1,rule
d604d0d580a5697f,23629,943862,cantina-chicken-menu,Cantina Chicken Fajita Grilled Cheese Burrito,Test Items,1.1,rule
2faedaa6854fcfa2,23630,943863,cantina-chicken-menu,Cantina Carne Asada Fajita Grilled Cheese Burrito,Test Items,1.1,rule
99082ab39cf51a7b,23631,943864,cantina-chicken-menu,Cantina Chicken Fajita Grilled Soft Taco,Test Items,1.1,rule
efb068a0381a4996,23632,943865,cantina-chicken-menu,Cantina Carne Asada Fajita Grilled Soft Taco,Test Items,1.1,rule
916687c670fe85a5,23633,943866,cantina-chicken-menu,Cantina Chicken Fajita Quesadilla,Test Items,1.1,rule
3cf225e88ac0859c,23634,943873,cantina-chicken-menu,Cantina Carne Asada Fajita Quesadilla,Test Items,1.1,rule
d76b08767319830c,23635,943868,cantina-chicken-menu,Cantina Chicken Fajita Bowl,Test Items,1.1,rule
8cd70b81e4acda29,23636,943869,cantina-chicken-menu,Cantina Carne Asada Fajita Bowl,Test Items,1.1,rule
3f992e2fc6ec36e2,23613,852977,cantina-chicken-menu,Cantina Chicken Double Tostada,Test Items,1.0,rule
32862a6fa0db724a,23612,852977,cantina-chicken-menu,Cantina Chicken Double Tostada,Test Items,1.0,rule
ac73bb7b66dbe118,26156,423321,cantina-chicken-menu,Cantina Chicken Quesadilla,Cantina Chicken Menu,1.1,rule
ba64a15d5d0f8d27,26159,423320,cantina-chicken-menu,Cantina Chicken Crispy Taco,Cantina Chicken Menu,1.1,rule
5052d8cb4167db9d,26160,423325,cantina-chicken-menu,Cantina Chicken Burrito,Cantina Chicken Menu,1.1,rule
170e79ece1a10c2e,26158,423321,cantina-chicken-menu,Cantina Chicken Quesadilla,Cantina Chicken Menu,1.1,rule
