product_code,item_name
30179,Cheesy Toasted Breakfast Burrito Bacon
30180,Cheesy Toasted Breakfast Burrito Sausage
30181,Cheesy Toasted Breakfast Burrito Potato
30187,Grande Toasted Breakfast Burrito Steak
30186,Grande Toasted Breakfast Burrito Sausage
30185,Grande Toasted Breakfast Burrito Bacon
30190,Grande Toasted Breakfast Burrito Combo
30151,Breakfast Quesadilla Bacon
30153,Breakfast Quesadilla Steak
30093,Breakfast California Crunchwrap
30029,Breakfast Crunchwrap Bacon
30028,Breakfast Crunchwrap Sausage
32031,Breakfast Crunchwrap Combo
30017,Hash Brown
30046,Cinnabon Delights® 2 Pack
30045,Cinnabon Delights® 12 Pack
1527Main,Premium Hot Coffee
1280Main,Hot Cinnabon Delights® Coffee
1534Main,Regular Iced Coffee
1281Main,Iced Cinnabon Delights® Coffee
2633,Breakfast Salsa
22205,Chili Cheese Burrito
22130,Double Decker® Taco
22706,Double Decker® Taco Supreme®
22240,7-Layer Burrito
22142,Cool Ranch® Doritos® Locos Tacos
22143,Cool Ranch® Doritos® Locos Tacos Supreme®
2065Main,Strawberry Vanilla Cream Soda Freeze
23551,Build Your Own Luxe Cravings Box
28183,Large Nacho Fries
28095,Nacho Fries
22110,Soft Taco
22100,Crunchy Taco
22813,Cheesy Gordita Crunch
22850,Chalupa Supreme
22283,Cheesy Bean and Rice Burrito
22321,Chicken Quesadilla
22259,Spicy Potato Soft Taco
22362,Crunchwrap Supreme®
22167,Beefy 5-Layer Burrito
22502,Nachos BellGrande®
22525,Cinnamon Twists
23472,Cantina Chicken Burrito
23470,Cantina Chicken Soft Taco
23471,Cantina Chicken Crispy Taco
23477,Cantina Chicken Quesadilla
23473,Cantina Chicken Bowl
23478,Cantina Chicken Crispy Taco Meal
23479,Cantina Chicken Burrito Meal
23480,Cantina Chicken Quesadilla Meal
23476,Avocado Verde Salsa Sauce Packet
29071,Flamin' Hot® Grilled Cheese Burrito
29088,Frank's RedHot® Diablo Crispy Chicken Burrito
29016,Avocado Ranch Crispy Chicken Burrito
29087,Frank's RedHot® Diablo Crispy Chicken Soft Taco
29015,Avocado Ranch Crispy Chicken Soft Taco
29089,Frank’s RedHot® Diablo Chicken Nacho Fries
29072,Discovery Luxe Box
24966,Crispy Chicken Strips 4pk
1504Main,Vanilla Cream Soda Freeze
1496Main,Orange Vanilla Cream Soda Freeze
3782Main,Mountain Dew Baja Midnight™
3717Main,Strawberry Passionfruit Agua Refresca
3719Main,Mango Peach Agua Refresca
3718Main,Dragonfruit Strawberry Agua Refresca
3660Main,Tropical Punch Rockstar® Energy Refresca
3669Main,Pineapple Lime Rockstar® Energy Refresca
23551,Build Your Own Luxe Cravings Box
23218,Meal for 2
23220,Meal for 4
23219,Veggie Meal for 2
21210,Drinks Party Pack
29072,Discovery Luxe Box
23551,Build Your Own Luxe Cravings Box
23478,Cantina Chicken Crispy Taco Meal
23479,Cantina Chicken Burrito Meal
23480,Cantina Chicken Quesadilla Meal
23378,Steak Grilled Cheese Burrito Combo
22604,Mexican Pizza Combo
22607,Chicken Quesadilla Combo
22605,Nachos BellGrande® Combo
23760,2 Chicken Chalupas Supreme Combo
22609,Crunchwrap Supreme® Combo
22608,3 Crunchy Tacos Combo
22603,3 Crunchy Tacos Supreme® Combo
22637,3 Doritos® Locos Tacos Combo
22701,3 Doritos® Locos Tacos Supreme Combo
23765,3 Soft Tacos Combo
23755,3 Soft Tacos Supreme® Combo
22601,Burrito Supreme® Combo
27272,Classic Luxe Box
27276,Supreme Luxe Box
23218,Meal for 2
23220,Meal for 4
23219,Veggie Meal for 2
60528,Taco & Burrito Cravings Pack
22189,Taco Party Pack
21200,Supreme Taco Party Pack
22187,Soft Taco Party Pack
21201,Supreme Soft Taco Party Pack
26054,Variety Taco Party Pack
26055,Supreme Variety Taco Party Pack
21210,Drinks Party Pack
29089,Frank’s RedHot® Diablo Chicken Nacho Fries
28183,Large Nacho Fries
28095,Nacho Fries
24513,Classic Stacker
23499,3 Cheese Chicken Flatbread Melt
22303,Mexican Pizza
23326,Veggie Mexican Pizza
22362,Crunchwrap Supreme®
26051,Black Bean Crunchwrap Supreme®
22152,Cheesy Roll Up
29087,Frank's RedHot® Diablo Crispy Chicken Soft Taco
29015,Avocado Ranch Crispy Chicken Soft Taco
23471,Cantina Chicken Crispy Taco
23470,Cantina Chicken Soft Taco
26018,Double Stacked Taco
22110,Soft Taco
22111,Soft Taco Supreme®
22259,Spicy Potato Soft Taco
22100,Crunchy Taco
22101,Crunchy Taco Supreme®
22172,Nacho Cheese Doritos® Locos Tacos
22173,Nacho Cheese Doritos® Locos Tacos Supreme®
22850,Chalupa Supreme
23153,Black Bean Chalupa Supreme
22813,Cheesy Gordita Crunch
24067,Doritos® Cheesy Gordita Crunch - Nacho Cheese
29071,Flamin' Hot® Grilled Cheese Burrito
29088,Frank's RedHot® Diablo Crispy Chicken Burrito
29016,Avocado Ranch Crispy Chicken Burrito
23472,Cantina Chicken Burrito
23394,Chicken Enchilada Burrito
23226,Cheesy Double Beef Burrito
22963,Grilled Cheese Burrito
23290,Black Bean Grilled Cheese Burrito
22200,Bean Burrito
22167,Beefy 5-Layer Burrito
22201,Burrito Supreme®
22283,Cheesy Bean and Rice Burrito
23477,Cantina Chicken Quesadilla
22321,Chicken Quesadilla
22322,Steak Quesadilla
22320,Cheese Quesadilla
22159,Loaded Beef Nachos
22502,Nachos BellGrande®
23318,Chips and Guacamole
22500,Chips and Nacho Cheese Sauce
22152,Cheesy Roll Up
22259,Spicy Potato Soft Taco
22283,Cheesy Bean and Rice Burrito
26018,Double Stacked Taco
24513,Classic Stacker
23499,3 Cheese Chicken Flatbread Melt
22530,Cheesy Fiesta Potatoes
23394,Chicken Enchilada Burrito
23226,Cheesy Double Beef Burrito
22159,Loaded Beef Nachos
28183,Large Nacho Fries
28095,Nacho Fries
24966,Crispy Chicken Strips 4pk
4605,Frank’s RedHot® Diablo Sauce
22530,Cheesy Fiesta Potatoes
23318,Chips and Guacamole
22500,Chips and Nacho Cheese Sauce
4382,Flamin' Hot® Rice
22394,Black Beans
22393,Black Beans and Rice
22510,Pintos N Cheese
22525,Cinnamon Twists
30046,Cinnabon Delights® 2 Pack
30045,Cinnabon Delights® 12 Pack
23476,Avocado Verde Salsa Sauce Packet
22763,Mild Sauce Packet
22760,Hot Sauce Packet
22759,Fire Sauce Packet
22765,Diablo Sauce Packet
22741,Jalapeño Peppers
22746,Nacho Cheese Sauce
22754,Reduced-Fat Sour Cream
22731,Creamy Jalapeño Sauce
22740,Guacamole
22732,Chipotle Sauce
22722,Avocado Ranch Sauce
2521,Spicy Ranch
22750,Red Sauce
22738,Green Sauce
22749,Mexican Pizza Sauce
1504Main,Vanilla Cream Soda Freeze
1496Main,Orange Vanilla Cream Soda Freeze
3782Main,Mountain Dew Baja Midnight™
3717Main,Strawberry Passionfruit Agua Refresca
3719Main,Mango Peach Agua Refresca
3718Main,Dragonfruit Strawberry Agua Refresca
3660Main,Tropical Punch Rockstar® Energy Refresca
3669Main,Pineapple Lime Rockstar® Energy Refresca
1634Main,Wild Strawberry Freeze
1491Main,MTN DEW® Baja Blast® Freeze
1002Main,Pepsi®
1007Main,Diet Pepsi®
1107Main,Pepsi® Zero Sugar
1012Main,MTN DEW®
1147Main,MTN DEW® Zero
1027Main,MTN DEW® Baja Blast®
1110Main,MTN DEW® Baja Blast™ Zero Sugar
1017Main,Dr Pepper®
1062Main,Mug® Root Beer
1153Main,Starry®
1099Main,G2 Gatorade® Fruit Punch
3077Main,Tropicana® Original Lemonade
1219Main,Brisk® Mango Fiesta
1077Main,Lipton® Unsweetened Iced Tea
1966Main,Aquafina® Bottled Water
1440Main,Tropicana® Orange Juice
1450Main,Milk
1527Main,Premium Hot Coffee
1280Main,Hot Cinnabon Delights® Coffee
1534Main,Regular Iced Coffee
1281Main,Iced Cinnabon Delights® Coffee
21210,Drinks Party Pack
23473,Cantina Chicken Bowl
29132,Veggie Bowl
23219,Veggie Meal for 2
29132,Veggie Bowl
22200,Bean Burrito
22283,Cheesy Bean and Rice Burrito
22259,Spicy Potato Soft Taco
23153,Black Bean Chalupa Supreme
26051,Black Bean Crunchwrap Supreme®
23326,Veggie Mexican Pizza
22320,Cheese Quesadilla
22152,Cheesy Roll Up
22530,Cheesy Fiesta Potatoes
23318,Chips and Guacamole
22500,Chips and Nacho Cheese Sauce
22394,Black Beans
22393,Black Beans and Rice
22510,Pintos N Cheese
22525,Cinnamon Twists
30046,Cinnabon Delights® 2 Pack
30045,Cinnabon Delights® 12 Pack
