url,state,city,address_slug
https://locations.tacobell.com/ar/little-rock/10611-colonel-glenn-road.html,ar,little-rock,10611-colonel-glenn-road
https://locations.tacobell.com/al/auburn/1521-east-glenn-avenue.html,al,auburn,1521-east-glenn-avenue
https://locations.tacobell.com/ar/benton/2022-highway-5-n-.html,ar,benton,2022-highway-5-n-
https://locations.tacobell.com/al/oxford/41-commons-way.html,al,oxford,41-commons-way
https://locations.tacobell.com/al/auburn/1365-n-donahue-drive.html,al,auburn,1365-n-donahue-drive
https://locations.tacobell.com/ar/prairie-grove/1030-east-parks-street.html,ar,prairie-grove,1030-east-parks-street
https://locations.tacobell.com/al/dothan/3282-reeves-street.html,al,dothan,3282-reeves-street
https://locations.tacobell.com/ar/mountain-view/602-east-main-street.html,ar,mountain-view,602-east-main-street
https://locations.tacobell.com/al/sylacauga/38-mcs-boulevard.html,al,sylacauga,38-mcs-boulevard
https://locations.tacobell.com/al/calera/5005-highway-31.html,al,calera,5005-highway-31
https://locations.tacobell.com/al/phenix-city/3509-crosswinds-drive.html,al,phenix-city,3509-crosswinds-drive
https://locations.tacobell.com/al/centreville/702-walnut-street.html,al,centreville,702-walnut-street
https://locations.tacobell.com/ar/little-rock/2612-cantrell-road.html,ar,little-rock,2612-cantrell-road
https://locations.tacobell.com/al/grand-bay/9170-grand-bay-wilmer-rd-s.html,al,grand-bay,9170-grand-bay-wilmer-rd-s
https://locations.tacobell.com/al/alabaster/9187-highway-119.html,al,alabaster,9187-highway-119
https://locations.tacobell.com/ar/lowell/924-west-monroe-avenue.html,ar,lowell,924-west-monroe-avenue
https://locations.tacobell.com/al/tuscaloosa/4900-doris-pate-drive.html,al,tuscaloosa,4900-doris-pate-drive
https://locations.tacobell.com/al/ozark/1566-s--highway-231.html,al,ozark,1566-s--highway-231
https://locations.tacobell.com/al/tuscumbia/5117-highway-43-s.html,al,tuscumbia,5117-highway-43-s
https://locations.tacobell.com/ar/brinkley/2007-n--main-street.html,ar,brinkley,2007-n--main-street
https://locations.tacobell.com/al/hope-hull/10-wasden-lane.html,al,hope-hull,10-wasden-lane
https://locations.tacobell.com/ar/little-rock/8819-baseline-road.html,ar,little-rock,8819-baseline-road
https://locations.tacobell.com/ar/hot-springs/2955-malvern-avenue.html,ar,hot-springs,2955-malvern-avenue
https://locations.tacobell.com/ar/nashville/1302-s--4th-street.html,ar,nashville,1302-s--4th-street
https://locations.tacobell.com/al/pinson/6726-deerfoot-parkway.html,al,pinson,6726-deerfoot-parkway
https://locations.tacobell.com/ar/springdale/1728-east-robinson-avenue.html,ar,springdale,1728-east-robinson-avenue
https://locations.tacobell.com/al/huntsville/2150-winchester-road.html,al,huntsville,2150-winchester-road
https://locations.tacobell.com/al/hanceville/702-main-st-ne.html,al,hanceville,702-main-st-ne
https://locations.tacobell.com/al/huntsville/1638-hwy-72-e.html,al,huntsville,1638-hwy-72-e
https://locations.tacobell.com/ar/beebe/1957-w-dewitt-henry-dr.html,ar,beebe,1957-w-dewitt-henry-dr
https://locations.tacobell.com/al/center-point/100-20th-ave-ne.html,al,center-point,100-20th-ave-ne
https://locations.tacobell.com/al/eufaula/3191-s--eufaula-ave-.html,al,eufaula,3191-s--eufaula-ave-
https://locations.tacobell.com/ak/north-pole/209-n--santa-claus-lane.html,ak,north-pole,209-n--santa-claus-lane
https://locations.tacobell.com/ar/conway/2195-dave-ward-drive.html,ar,conway,2195-dave-ward-drive
https://locations.tacobell.com/al/pell-city/511-martin-st-n.html,al,pell-city,511-martin-st-n
https://locations.tacobell.com/ar/de-queen/820-north-lakeside-drive.html,ar,de-queen,820-north-lakeside-drive
https://locations.tacobell.com/al/birmingham/6806-tattersall-way.html,al,birmingham,6806-tattersall-way
https://locations.tacobell.com/al/columbiana/218-w--college-street.html,al,columbiana,218-w--college-street
https://locations.tacobell.com/ar/huntsville/14211-highway-412.html,ar,huntsville,14211-highway-412
https://locations.tacobell.com/al/florence/3040-cloverdale-road.html,al,florence,3040-cloverdale-road
https://locations.tacobell.com/al/rogersville/16391-hwy-72.html,al,rogersville,16391-hwy-72
https://locations.tacobell.com/ar/arkadelphia/3126-pine-street.html,ar,arkadelphia,3126-pine-street
https://locations.tacobell.com/al/pinson/6650-highway-75.html,al,pinson,6650-highway-75
https://locations.tacobell.com/al/warrior/319-cane-creek-rd.html,al,warrior,319-cane-creek-rd
https://locations.tacobell.com/al/owens-cross-roads/6706-us-highway-431.html,al,owens-cross-roads,6706-us-highway-431
https://locations.tacobell.com/al/cottondale/3501-buttermilk-road.html,al,cottondale,3501-buttermilk-road
https://locations.tacobell.com/ar/berryville/1000-w-trimble-avenue.html,ar,berryville,1000-w-trimble-avenue
https://locations.tacobell.com/ar/earle/408-state-highway-149-north.html,ar,earle,408-state-highway-149-north
https://locations.tacobell.com/ar/prescott/1806-us-highway-371-w.html,ar,prescott,1806-us-highway-371-w
https://locations.tacobell.com/ar/el-dorado/1600-west-hillsboro-street.html,ar,el-dorado,1600-west-hillsboro-street
https://locations.tacobell.com/al/millbrook/1235-al-14.html,al,millbrook,1235-al-14
https://locations.tacobell.com/al/cullman/1746-2nd-avenue-sw.html,al,cullman,1746-2nd-avenue-sw
https://locations.tacobell.com/al/montgomery/8020-vaughn-road.html,al,montgomery,8020-vaughn-road
https://locations.tacobell.com/al/hartselle/1409-hwy-31-nw.html,al,hartselle,1409-hwy-31-nw
https://locations.tacobell.com/ar/cabot/3095-bill-foster-memorial-hwy-w-.html,ar,cabot,3095-bill-foster-memorial-hwy-w-
https://locations.tacobell.com/al/prattville/2313-cobbs-ford-road.html,al,prattville,2313-cobbs-ford-road
https://locations.tacobell.com/al/madison/7200-wall-triana-hwy.html,al,madison,7200-wall-triana-hwy
https://locations.tacobell.com/ar/vilonia/1126-north-main-street.html,ar,vilonia,1126-north-main-street
https://locations.tacobell.com/al/chelsea/16634-highway-280.html,al,chelsea,16634-highway-280
https://locations.tacobell.com/al/jasper/420-highway-78.html,al,jasper,420-highway-78
https://locations.tacobell.com/al/huntsville/2859-memorial-pkwy-nw.html,al,huntsville,2859-memorial-pkwy-nw
https://locations.tacobell.com/ar/southside/830-batesville-blvd.html,ar,southside,830-batesville-blvd
https://locations.tacobell.com/al/decatur/2142-6th-ave-se.html,al,decatur,2142-6th-ave-se
https://locations.tacobell.com/al/mccalla/22176-highway-216.html,al,mccalla,22176-highway-216
https://locations.tacobell.com/al/jackson/3625-n-college-ave.html,al,jackson,3625-n-college-ave
https://locations.tacobell.com/al/bessemer/1004-academy-drive.html,al,bessemer,1004-academy-drive
https://locations.tacobell.com/ar/tontitown/1119-east-henri-de-tonti-blvd.html,ar,tontitown,1119-east-henri-de-tonti-blvd
https://locations.tacobell.com/al/huntsville/7208-bailey-cove-rd-se.html,al,huntsville,7208-bailey-cove-rd-se
https://locations.tacobell.com/al/sumiton/610-highway-78-e.html,al,sumiton,610-highway-78-e
https://locations.tacobell.com/al/russellville/13831-u-s--43.html,al,russellville,13831-u-s--43
https://locations.tacobell.com/al/hoover/5622-grove-blvd.html,al,hoover,5622-grove-blvd
https://locations.tacobell.com/al/huntsville/11300-memorial-pkwy-sw.html,al,huntsville,11300-memorial-pkwy-sw
https://locations.tacobell.com/al/talladega/206-haynes-st-.html,al,talladega,206-haynes-st-
https://locations.tacobell.com/al/trussville/5950-valley-rd.html,al,trussville,5950-valley-rd
https://locations.tacobell.com/al/phenix-city/101-compromise-court.html,al,phenix-city,101-compromise-court
https://locations.tacobell.com/al/dothan/3927-montgomery-hwy.html,al,dothan,3927-montgomery-hwy
https://locations.tacobell.com/al/northport/1250-mitt-lary-rd-.html,al,northport,1250-mitt-lary-rd-
https://locations.tacobell.com/ar/gravette/604-1st-avenue-se.html,ar,gravette,604-1st-avenue-se
https://locations.tacobell.com/al/harvest/5809-highway-53.html,al,harvest,5809-highway-53
https://locations.tacobell.com/ar/sheridan/704-west-center-street.html,ar,sheridan,704-west-center-street
https://locations.tacobell.com/al/tuscaloosa/1211-university-blvd.html,al,tuscaloosa,1211-university-blvd
https://locations.tacobell.com/al/haleyville/42462-al-195.html,al,haleyville,42462-al-195
https://locations.tacobell.com/al/fayette/1525-temple-avenue-n.html,al,fayette,1525-temple-avenue-n
https://locations.tacobell.com/ar/berryville/940-w-trimble-avenue.html,ar,berryville,940-w-trimble-avenue
https://locations.tacobell.com/al/demopolis/100-us-highway-80-east.html,al,demopolis,100-us-highway-80-east
https://locations.tacobell.com/al/irondale/4623-grantswood-road.html,al,irondale,4623-grantswood-road
https://locations.tacobell.com/al/hoover/1553-montgomery-highway.html,al,hoover,1553-montgomery-highway
https://locations.tacobell.com/al/foley/1255-s-mckenzie-street.html,al,foley,1255-s-mckenzie-street
https://locations.tacobell.com/ar/lowell/207-south-bloomington-street.html,ar,lowell,207-south-bloomington-street
https://locations.tacobell.com/ar/springdale/4183-elm-springs-road.html,ar,springdale,4183-elm-springs-road
https://locations.tacobell.com/al/pelham/101-cahaba-valley-pkwy.html,al,pelham,101-cahaba-valley-pkwy
https://locations.tacobell.com/al/birmingham/1101-forestdale-blvd.html,al,birmingham,1101-forestdale-blvd
https://locations.tacobell.com/al/birmingham/1541-montclair-road.html,al,birmingham,1541-montclair-road
https://locations.tacobell.com/al/centre/1545-chestnut-bypass.html,al,centre,1545-chestnut-bypass
https://locations.tacobell.com/al/fultondale/1611-morris-avenue.html,al,fultondale,1611-morris-avenue
https://locations.tacobell.com/al/jacksonville/1611-pelham-road-s-.html,al,jacksonville,1611-pelham-road-s-
https://locations.tacobell.com/al/hamilton/1746-military-st-s.html,al,hamilton,1746-military-st-s
https://locations.tacobell.com/al/leeds/1801-ashville-rd.html,al,leeds,1801-ashville-rd
https://locations.tacobell.com/al/tarrant/1801-pinson-valley-pkwy.html,al,tarrant,1801-pinson-valley-pkwy
https://locations.tacobell.com/al/hoover/1821-montgomery-highway.html,al,hoover,1821-montgomery-highway
https://locations.tacobell.com/al/northport/1880-mcfarland-blvd.html,al,northport,1880-mcfarland-blvd
https://locations.tacobell.com/al/clanton/2047-7th-st-south.html,al,clanton,2047-7th-st-south
https://locations.tacobell.com/al/birmingham/2124-7th-ave-s.html,al,birmingham,2124-7th-ave-s
https://locations.tacobell.com/al/birmingham/2300-bessemer-rd-.html,al,birmingham,2300-bessemer-rd-
https://locations.tacobell.com/al/tuscaloosa/236-15th-street.html,al,tuscaloosa,236-15th-street
https://locations.tacobell.com/al/winfield/2463-us-highway-43.html,al,winfield,2463-us-highway-43
https://locations.tacobell.com/al/tuscaloosa/2610-stillman-blvd-.html,al,tuscaloosa,2610-stillman-blvd-
https://locations.tacobell.com/al/hueytown/3064-warrior-river-road.html,al,hueytown,3064-warrior-river-road
https://locations.tacobell.com/al/childersburg/33458-us-highway-280.html,al,childersburg,33458-us-highway-280
https://locations.tacobell.com/al/birmingham/381-palisades-blvd.html,al,birmingham,381-palisades-blvd
https://locations.tacobell.com/al/alabaster/450-colonial-promenade-pkwy.html,al,alabaster,450-colonial-promenade-pkwy
https://locations.tacobell.com/al/birmingham/4623-highway-280-s-.html,al,birmingham,4623-highway-280-s-
https://locations.tacobell.com/al/helena/4804-highway-52-w.html,al,helena,4804-highway-52-w
https://locations.tacobell.com/al/oxford/504-hamric-dr-e.html,al,oxford,504-hamric-dr-e
https://locations.tacobell.com/al/bessemer/5050-bond-boulevard.html,al,bessemer,5050-bond-boulevard
https://locations.tacobell.com/al/attalla/519-cleveland-ave.html,al,attalla,519-cleveland-ave
https://locations.tacobell.com/al/gardendale/523-fieldstown-road.html,al,gardendale,523-fieldstown-road
https://locations.tacobell.com/al/cullman/5961-al-highway-157.html,al,cullman,5961-al-highway-157
https://locations.tacobell.com/al/oneonta/609-2nd-ave-e.html,al,oneonta,609-2nd-ave-e
https://locations.tacobell.com/al/springville/64-springville-station-blvd.html,al,springville,64-springville-station-blvd
https://locations.tacobell.com/al/tuscaloosa/815-skyland-blvd.html,al,tuscaloosa,815-skyland-blvd
https://locations.tacobell.com/al/tuscaloosa/9050-highway-69-s.html,al,tuscaloosa,9050-highway-69-s
https://locations.tacobell.com/al/birmingham/9509-parkway-east.html,al,birmingham,9509-parkway-east
https://locations.tacobell.com/ar/bentonville/1200-sw-regional-airport-blvd.html,ar,bentonville,1200-sw-regional-airport-blvd
https://locations.tacobell.com/al/dothan/3168-s-oates-street.html,al,dothan,3168-s-oates-street
https://locations.tacobell.com/al/birmingham/4525-valleydale-road.html,al,birmingham,4525-valleydale-road
https://locations.tacobell.com/al/tallassee/576-gilmer-avenue.html,al,tallassee,576-gilmer-avenue
https://locations.tacobell.com/al/arab/1264-n-brindlee-mountain-pkwy.html,al,arab,1264-n-brindlee-mountain-pkwy
https://locations.tacobell.com/ar/pea-ridge/179-lee-town-road.html,ar,pea-ridge,179-lee-town-road
https://locations.tacobell.com/al/jasper/150-carl-cannon-blvd.html,al,jasper,150-carl-cannon-blvd
https://locations.tacobell.com/ar/morrilton/98-medical-services-drive.html,ar,morrilton,98-medical-services-drive
https://locations.tacobell.com/ar/little-rock/9600-n-rodney-parham-rd.html,ar,little-rock,9600-n-rodney-parham-rd
https://locations.tacobell.com/al/huntsville/950-old-monrovia-rd-nw.html,al,huntsville,950-old-monrovia-rd-nw
https://locations.tacobell.com/ak/anchorage/939-west-northern-lights-blvd.html,ak,anchorage,939-west-northern-lights-blvd
https://locations.tacobell.com/al/daleville/935-n-daleville-ave.html,al,daleville,935-n-daleville-ave
https://locations.tacobell.com/al/montgomery/921-west-south-blvd.html,al,montgomery,921-west-south-blvd
https://locations.tacobell.com/ar/fort-smith/9203-highway-71-s.html,ar,fort-smith,9203-highway-71-s
https://locations.tacobell.com/ar/fort-smith/915-north-greenwood.html,ar,fort-smith,915-north-greenwood
https://locations.tacobell.com/ak/anchorage/9001-jewel-lake-rd.html,ak,anchorage,9001-jewel-lake-rd
https://locations.tacobell.com/ar/west-memphis/900-martin-luther-king-dr-.html,ar,west-memphis,900-martin-luther-king-dr-
https://locations.tacobell.com/al/madison/8860-highway-20.html,al,madison,8860-highway-20
https://locations.tacobell.com/ak/anchorage/8825-old-seward-hwy.html,ak,anchorage,8825-old-seward-hwy
https://locations.tacobell.com/al/montgomery/8801-eastchase-parkway.html,al,montgomery,8801-eastchase-parkway
https://locations.tacobell.com/ar/sherwood/8350-warden-road.html,ar,sherwood,8350-warden-road
https://locations.tacobell.com/ar/mountain-home/833-highway-62-e.html,ar,mountain-home,833-highway-62-e
https://locations.tacobell.com/al/saraland/827-hwy-43-s.html,al,saraland,827-hwy-43-s
https://locations.tacobell.com/ar/greenwood/820-west-center.html,ar,greenwood,820-west-center
https://locations.tacobell.com/ar/little-rock/8108-geyer-springs-rd.html,ar,little-rock,8108-geyer-springs-rd
https://locations.tacobell.com/ar/brookland/8039-hwy-49-north.html,ar,brookland,8039-hwy-49-north
https://locations.tacobell.com/ar/white-hall/8011-sheridan-road.html,ar,white-hall,8011-sheridan-road
https://locations.tacobell.com/al/albertville/7959-us-highway-431.html,al,albertville,7959-us-highway-431
https://locations.tacobell.com/al/madison/7940-highway-72-west.html,al,madison,7940-highway-72-west
https://locations.tacobell.com/ar/fort-smith/7910-rogers-ave.html,ar,fort-smith,7910-rogers-ave
https://locations.tacobell.com/al/mobile/7730-airport-blvd.html,al,mobile,7730-airport-blvd
https://locations.tacobell.com/ak/fairbanks/87-college-rd.html,ak,fairbanks,87-college-rd
https://locations.tacobell.com/ar/west-helena/761-north-sebastian-street.html,ar,west-helena,761-north-sebastian-street
https://locations.tacobell.com/al/lincoln/75835-highway-77.html,al,lincoln,75835-highway-77
https://locations.tacobell.com/ar/sherwood/7201-jfk-blvd.html,ar,sherwood,7201-jfk-blvd
https://locations.tacobell.com/ar/little-rock/719-south-broadway.html,ar,little-rock,719-south-broadway
https://locations.tacobell.com/ar/booneville/711-e--main.html,ar,booneville,711-e--main
https://locations.tacobell.com/al/rainsville/71-mccurdy-ave-n.html,al,rainsville,71-mccurdy-ave-n
https://locations.tacobell.com/al/mobile/6301-cottage-hill-road.html,al,mobile,6301-cottage-hill-road
https://locations.tacobell.com/ar/harrison/629-highway-6265-north.html,ar,harrison,629-highway-6265-north
https://locations.tacobell.com/al/bay-minette/621-mcmeans-ave.html,al,bay-minette,621-mcmeans-ave
https://locations.tacobell.com/ar/dardanelle/618-union-st.html,ar,dardanelle,618-union-st
https://locations.tacobell.com/al/fort-payne/610-glenn-blvd-sw.html,al,fort-payne,610-glenn-blvd-sw
https://locations.tacobell.com/ar/rogers/604-s-8th-street.html,ar,rogers,604-s-8th-street
https://locations.tacobell.com/al/enterprise/602-boll-weevil-circle.html,al,enterprise,602-boll-weevil-circle
https://locations.tacobell.com/ar/little-rock/600-south-bowman-road.html,ar,little-rock,600-south-bowman-road
https://locations.tacobell.com/ar/walnut-ridge/600-hwy-67-b.html,ar,walnut-ridge,600-hwy-67-b
https://locations.tacobell.com/al/atmore/5920-hwy-21.html,al,atmore,5920-hwy-21
https://locations.tacobell.com/al/wetumpka/5903-us-hwy-231.html,al,wetumpka,5903-us-hwy-231
https://locations.tacobell.com/al/gadsden/579-e--meighan-boulevard.html,al,gadsden,579-e--meighan-boulevard
https://locations.tacobell.com/al/hokes-bluff/5692-highway-278-east.html,al,hokes-bluff,5692-highway-278-east
https://locations.tacobell.com/ar/alma/541-highway-71-n.html,ar,alma,541-highway-71-n
https://locations.tacobell.com/al/mobile/5392-hwy-90-west.html,al,mobile,5392-hwy-90-west
https://locations.tacobell.com/al/montgomery/5380-atlanta-hwy.html,al,montgomery,5380-atlanta-hwy
https://locations.tacobell.com/al/montgomery/5163-carmichael-rd.html,al,montgomery,5163-carmichael-rd
https://locations.tacobell.com/ar/stuttgart/512-w--22nd-street.html,ar,stuttgart,512-w--22nd-street
https://locations.tacobell.com/ar/van-buren/511-north-plaza-dr.html,ar,van-buren,511-north-plaza-dr
https://locations.tacobell.com/ar/trumann/504-hwy--63.html,ar,trumann,504-hwy--63
https://locations.tacobell.com/al/mobile/5000-moffett-rd.html,al,mobile,5000-moffett-rd
https://locations.tacobell.com/ar/fort-smith/4910-towson-avenue.html,ar,fort-smith,4910-towson-avenue
https://locations.tacobell.com/ar/little-rock/4424-markham-road.html,ar,little-rock,4424-markham-road
https://locations.tacobell.com/ak/soldotna/43845-sterling-hwy.html,ak,soldotna,43845-sterling-hwy
https://locations.tacobell.com/ar/monticello/435-highway-425-north.html,ar,monticello,435-highway-425-north
https://locations.tacobell.com/ar/springdale/4322-west-sunset.html,ar,springdale,4322-west-sunset
https://locations.tacobell.com/al/huntsville/4315-university-dr-nw.html,al,huntsville,4315-university-dr-nw
https://locations.tacobell.com/al/prattville/411-s-memorial-dr.html,al,prattville,411-s-memorial-dr
https://locations.tacobell.com/ar/springdale/406-s--thompson.html,ar,springdale,406-s--thompson
https://locations.tacobell.com/ar/mena/403-highway-71-n.html,ar,mena,403-highway-71-n
https://locations.tacobell.com/ar/hot-springs/4016-central-ave.html,ar,hot-springs,4016-central-ave
https://locations.tacobell.com/ar/greenbrier/4-n-broadview-st.html,ar,greenbrier,4-n-broadview-st
https://locations.tacobell.com/ar/north-little-rock/3900-mccain-blvd.html,ar,north-little-rock,3900-mccain-blvd
https://locations.tacobell.com/al/mobile/3843-airport-blvd.html,al,mobile,3843-airport-blvd
https://locations.tacobell.com/al/alexander-city/3779-highway-280.html,al,alexander-city,3779-highway-280
https://locations.tacobell.com/ar/pine-bluff/3501-camden-rd.html,ar,pine-bluff,3501-camden-rd
https://locations.tacobell.com/al/thomasville/33951-hwy-43-north.html,al,thomasville,33951-hwy-43-north
https://locations.tacobell.com/ar/searcy/3307-e-race.html,ar,searcy,3307-e-race
https://locations.tacobell.com/al/roanoke/3221-hwy-431.html,al,roanoke,3221-hwy-431
https://locations.tacobell.com/al/scottsboro/308-county-park-rd.html,al,scottsboro,308-county-park-rd
https://locations.tacobell.com/al/dothan/3056-ross-clark-cir.html,al,dothan,3056-ross-clark-cir
https://locations.tacobell.com/al/spanish-fort/30500-state-hwy-181.html,al,spanish-fort,30500-state-hwy-181
https://locations.tacobell.com/al/selma/303-w-highland-ave.html,al,selma,303-w-highland-ave
https://locations.tacobell.com/ar/russellville/301-n--elmira-ave-.html,ar,russellville,301-n--elmira-ave-
https://locations.tacobell.com/ar/newport/301-highway-67-n.html,ar,newport,301-highway-67-n
https://locations.tacobell.com/ar/van-buren/3003-alma-hwy.html,ar,van-buren,3003-alma-hwy
https://locations.tacobell.com/al/valley/2903-20th-avenue.html,al,valley,2903-20th-avenue
https://locations.tacobell.com/ar/bentonville/2801-se-14th.html,ar,bentonville,2801-se-14th
https://locations.tacobell.com/al/florence/2717-florence-blvd.html,al,florence,2717-florence-blvd
https://locations.tacobell.com/ar/conway/2715-prince-street.html,ar,conway,2715-prince-street
https://locations.tacobell.com/ar/pine-bluff/2712-olive-st.html,ar,pine-bluff,2712-olive-st
https://locations.tacobell.com/al/auburn/271-s-gay-st.html,al,auburn,271-s-gay-st
https://locations.tacobell.com/ar/el-dorado/2700-n--west-avenue.html,ar,el-dorado,2700-n--west-avenue
https://locations.tacobell.com/al/montgomery/2695-zelda-rd.html,al,montgomery,2695-zelda-rd
https://locations.tacobell.com/ak/anchorage/2624-e--tudor-road.html,ak,anchorage,2624-e--tudor-road
https://locations.tacobell.com/al/andalusia/254-west-bypass.html,al,andalusia,254-west-bypass
https://locations.tacobell.com/ar/north-little-rock/2531-highway-161.html,ar,north-little-rock,2531-highway-161
https://locations.tacobell.com/ar/paragould/2525-w-kings-hwy.html,ar,paragould,2525-w-kings-hwy
https://locations.tacobell.com/ar/searcy/2513-w-beebe-capps-expy.html,ar,searcy,2513-w-beebe-capps-expy
https://locations.tacobell.com/al/opelika/2400-pepperell-pkwy.html,al,opelika,2400-pepperell-pkwy
https://locations.tacobell.com/ak/anchorage/2351-e--5th-ave.html,ak,anchorage,2351-e--5th-ave
https://locations.tacobell.com/ar/highland/2291-highway-62-412.html,ar,highland,2291-highway-62-412
https://locations.tacobell.com/ar/bryant/2211-n-reynolds-rd.html,ar,bryant,2211-n-reynolds-rd
https://locations.tacobell.com/al/brewton/2150-douglas-avenue.html,al,brewton,2150-douglas-avenue
https://locations.tacobell.com/al/muscle-shoals/2100-woodward-ave.html,al,muscle-shoals,2100-woodward-ave
https://locations.tacobell.com/ar/jonesboro/2100-s--caraway-road.html,ar,jonesboro,2100-s--caraway-road
https://locations.tacobell.com/ar/rogers/2080-promenade.html,ar,rogers,2080-promenade
https://locations.tacobell.com/al/piedmont/206-highway-278-bypass-east.html,al,piedmont,206-highway-278-bypass-east
https://locations.tacobell.com/al/phenix-city/2059-highway-280.html,al,phenix-city,2059-highway-280
https://locations.tacobell.com/ar/fayetteville/2055-w-martin-luther-king-blvd.html,ar,fayetteville,2055-w-martin-luther-king-blvd
https://locations.tacobell.com/ar/forrest-city/2055-n-washington.html,ar,forrest-city,2055-n-washington
https://locations.tacobell.com/ar/conway/205-e-oak-street.html,ar,conway,205-e-oak-street
https://locations.tacobell.com/al/auburn/2027-s--college-st-.html,al,auburn,2027-s--college-st-
https://locations.tacobell.com/al/huntsville/2015-whitesburg-dr--s.html,al,huntsville,2015-whitesburg-dr--s
https://locations.tacobell.com/ar/blytheville/201-s-service-rd.html,ar,blytheville,201-s-service-rd
https://locations.tacobell.com/ar/jonesboro/2003-west-parker-road.html,ar,jonesboro,2003-west-parker-road
https://locations.tacobell.com/ar/corning/200-missouri-ave.html,ar,corning,200-missouri-ave
https://locations.tacobell.com/ar/wynne/1913-n--falls.html,ar,wynne,1913-n--falls
https://locations.tacobell.com/ar/fayetteville/1878-n-crossover-rd.html,ar,fayetteville,1878-n-crossover-rd
https://locations.tacobell.com/ar/jacksonville/1809-n-1st-st.html,ar,jacksonville,1809-n-1st-st
https://locations.tacobell.com/al/decatur/1807-beltline-rd-sw.html,al,decatur,1807-beltline-rd-sw
https://locations.tacobell.com/ar/fayetteville/176-east-joyce-blvd-.html,ar,fayetteville,176-east-joyce-blvd-
https://locations.tacobell.com/ak/wasilla/1751-e-parks-highway.html,ak,wasilla,1751-e-parks-highway
https://locations.tacobell.com/al/guntersville/1740-gunter-ave.html,al,guntersville,1740-gunter-ave
https://locations.tacobell.com/ar/benton/1704-military-rd.html,ar,benton,1704-military-rd
https://locations.tacobell.com/al/athens/1625-us-hwy-72-east.html,al,athens,1625-us-hwy-72-east
https://locations.tacobell.com/ar/heber-springs/1623-highway-25b.html,ar,heber-springs,1623-highway-25b
https://locations.tacobell.com/ar/pocahontas/1611-hwy-67-south.html,ar,pocahontas,1611-hwy-67-south
https://locations.tacobell.com/ar/malvern/1601-hwy-270.html,ar,malvern,1601-hwy-270
https://locations.tacobell.com/al/southside/1560-highway-77.html,al,southside,1560-highway-77
https://locations.tacobell.com/ar/magnolia/1521-e--main.html,ar,magnolia,1521-e--main
https://locations.tacobell.com/ar/hope/1501-n-hervey-st.html,ar,hope,1501-n-hervey-st
https://locations.tacobell.com/al/hazel-green/14650-hwy-231.html,al,hazel-green,14650-hwy-231
https://locations.tacobell.com/ak/fairbanks/1390-s-university-avenue.html,ak,fairbanks,1390-s-university-avenue
https://locations.tacobell.com/ar/cabot/1430-w-locust.html,ar,cabot,1430-w-locust
https://locations.tacobell.com/al/florence/1412-n-wood-ave.html,al,florence,1412-n-wood-ave
https://locations.tacobell.com/ar/hot-springs/141-e-grand-avenue.html,ar,hot-springs,141-e-grand-avenue
https://locations.tacobell.com/ar/paris/1409-east-walnut.html,ar,paris,1409-east-walnut
https://locations.tacobell.com/ar/jonesboro/133-southwest-drive.html,ar,jonesboro,133-southwest-drive
https://locations.tacobell.com/ar/camden/1320-highway-278-byp.html,ar,camden,1320-highway-278-byp
https://locations.tacobell.com/ar/russellville/1308-n-arkansas-ave.html,ar,russellville,1308-n-arkansas-ave
https://locations.tacobell.com/ar/little-rock/1300-john-barrow-rd.html,ar,little-rock,1300-john-barrow-rd
https://locations.tacobell.com/al/opelika/1300-columbus-parkway.html,al,opelika,1300-columbus-parkway
https://locations.tacobell.com/ak/anchorage/1231-muldoon-road.html,ak,anchorage,1231-muldoon-road
https://locations.tacobell.com/al/meridianville/12276-u-s--highway-231.html,al,meridianville,12276-u-s--highway-231
https://locations.tacobell.com/ak/eagle-river/12130-business-blvd.html,ak,eagle-river,12130-business-blvd
https://locations.tacobell.com/ar/arkadelphia/121-valley-rd.html,ar,arkadelphia,121-valley-rd
https://locations.tacobell.com/ar/west-memphis/1209-n--missouri-st-.html,ar,west-memphis,1209-n--missouri-st-
https://locations.tacobell.com/al/moulton/11880-al-highway-157.html,al,moulton,11880-al-highway-157
https://locations.tacobell.com/ar/north-little-rock/11525-maumelle-blvd.html,ar,north-little-rock,11525-maumelle-blvd
https://locations.tacobell.com/ar/fayetteville/1147-north-colorado.html,ar,fayetteville,1147-north-colorado
https://locations.tacobell.com/al/troy/1116-highway-231-s.html,al,troy,1116-highway-231-s
https://locations.tacobell.com/al/mobile/1115-government-st.html,al,mobile,1115-government-st
https://locations.tacobell.com/al/athens/1112-jefferson-st-se.html,al,athens,1112-jefferson-st-se
https://locations.tacobell.com/ar/clarksville/1105-south-rogers.html,ar,clarksville,1105-south-rogers
https://locations.tacobell.com/ar/batesville/1102-s-saint-louis-st.html,ar,batesville,1102-s-saint-louis-st
https://locations.tacobell.com/ar/hot-springs/1100-albert-pike.html,ar,hot-springs,1100-albert-pike
https://locations.tacobell.com/ar/crossett/109-west-first-avenue.html,ar,crossett,109-west-first-avenue
https://locations.tacobell.com/al/dothan/1087-ross-clark-circle.html,al,dothan,1087-ross-clark-circle
https://locations.tacobell.com/ar/siloam-springs/1050-hwy-412-w.html,ar,siloam-springs,1050-hwy-412-w
https://locations.tacobell.com/al/boaz/1040-us-highway-431.html,al,boaz,1040-us-highway-431
https://locations.tacobell.com/al/huntsville/1030-airport-rd.html,al,huntsville,1030-airport-rd
https://locations.tacobell.com/ar/ozark/103-airport-road.html,ar,ozark,103-airport-road
https://locations.tacobell.com/ar/bentonville/102-s-walton-blvd.html,ar,bentonville,102-s-walton-blvd
https://locations.tacobell.com/al/greenville/1017-ft-dale-road.html,al,greenville,1017-ft-dale-road
https://locations.tacobell.com/ar/osceola/1001-w--keiser.html,ar,osceola,1001-w--keiser
https://locations.tacobell.com/ar/fordyce/1200-n-edgar-street.html,ar,fordyce,1200-n-edgar-street
https://locations.tacobell.com/al/homewood/159-state-farm-parkway.html,al,homewood,159-state-farm-parkway
https://locations.tacobell.com/al/anniston/5552-mcclellan-blvd.html,al,anniston,5552-mcclellan-blvd
https://locations.tacobell.com/al/montgomery/2575-cong-w-l-dickinson-drive.html,al,montgomery,2575-cong-w-l-dickinson-drive
https://locations.tacobell.com/ar/hot-springs/1716-airport-road.html,ar,hot-springs,1716-airport-road
https://locations.tacobell.com/ar/siloam-springs/4171-us-412.html,ar,siloam-springs,4171-us-412
https://locations.tacobell.com/ak/palmer/755-west-rowland-memorial-way.html,ak,palmer,755-west-rowland-memorial-way
https://locations.tacobell.com/al/montevallo/915-main-st-.html,al,montevallo,915-main-st-
https://locations.tacobell.com/ar/bald-knob/118-132-us-167.html,ar,bald-knob,118-132-us-167
https://locations.tacobell.com/ar/centerton/1775-e--centerton-blvd-.html,ar,centerton,1775-e--centerton-blvd-
https://locations.tacobell.com/ar/farmington/331-w--main-st-.html,ar,farmington,331-w--main-st-
https://locations.tacobell.com/al/decatur/2928-point-mallard-pkwy.html,al,decatur,2928-point-mallard-pkwy
https://locations.tacobell.com/ar/little-rock/17116-chenal-parkway.html,ar,little-rock,17116-chenal-parkway
https://locations.tacobell.com/ar/gassville/44-cc-drive.html,ar,gassville,44-cc-drive
https://locations.tacobell.com/al/florence/503-s-court-street.html,al,florence,503-s-court-street
https://locations.tacobell.com/ak/anchorage/9000-lake-otis-parkway-units-6-and-7.html,ak,anchorage,9000-lake-otis-parkway-units-6-and-7
